campaign_id,fuzzer,subject,defect,time
10,Zest,Bcel,B0,0 days 00:42:48.816000
10,Zest,Bcel,B1,
100,Zeugma-1PT,Rhino,R0,0 days 01:34:51.614000
100,Zeugma-1PT,Rhino,R1,0 days 00:44:59.002000
100,Zeugma-1PT,Rhino,R2,0 days 00:49:16.492000
100,Zeugma-1PT,Rhino,R3,0 days 00:00:13.996000
100,Zeugma-1PT,Rhino,R4,0 days 00:28:54.313000
1000,Zest,Bcel,B0,0 days 00:31:47.790000
1000,Zest,Bcel,B1,
1001,Zeugma-Link,Bcel,B0,0 days 00:11:10.537000
1001,Zeugma-Link,Bcel,B1,
1002,Zeugma-X,Bcel,B0,0 days 00:09:20.603000
1002,Zeugma-X,Bcel,B1,
1003,Zeugma-1PT,Bcel,B0,0 days 00:35:56.862000
1003,Zeugma-1PT,Bcel,B1,0 days 00:45:13.710000
1004,Zeugma-2PT,Bcel,B0,0 days 00:39:35.531000
1004,Zeugma-2PT,Bcel,B1,
1005,BeDiv-Simple,Closure,C0,
1005,BeDiv-Simple,Closure,C1,0 days 00:45:35.150000
1006,BeDiv-Struct,Closure,C0,
1006,BeDiv-Struct,Closure,C1,0 days 00:49:19.634000
1007,RLCheck,Closure,C0,
1007,RLCheck,Closure,C1,0 days 00:10:29.308000
1008,Zest,Closure,C0,
1008,Zest,Closure,C1,0 days 01:00:34.474000
1009,Zeugma-Link,Closure,C0,0 days 01:49:12.848000
1009,Zeugma-Link,Closure,C1,0 days 00:03:38.473000
101,Zeugma-2PT,Rhino,R0,
101,Zeugma-2PT,Rhino,R1,0 days 00:10:43.983000
101,Zeugma-2PT,Rhino,R2,
101,Zeugma-2PT,Rhino,R3,0 days 00:00:03.532000
101,Zeugma-2PT,Rhino,R4,0 days 00:58:58.145000
1010,Zeugma-X,Closure,C0,
1010,Zeugma-X,Closure,C1,0 days 00:06:00.431000
1011,Zeugma-1PT,Closure,C0,0 days 02:25:21.887000
1011,Zeugma-1PT,Closure,C1,0 days 00:00:48.892000
1012,Zeugma-2PT,Closure,C0,
1012,Zeugma-2PT,Closure,C1,0 days 00:03:37.222000
1021,BeDiv-Simple,Nashorn,N0,
1021,BeDiv-Simple,Nashorn,N1,
1021,BeDiv-Simple,Nashorn,N2,
1022,BeDiv-Struct,Nashorn,N0,
1022,BeDiv-Struct,Nashorn,N1,
1022,BeDiv-Struct,Nashorn,N2,
1023,RLCheck,Nashorn,N0,
1023,RLCheck,Nashorn,N1,
1023,RLCheck,Nashorn,N2,
1024,Zest,Nashorn,N0,
1024,Zest,Nashorn,N1,
1024,Zest,Nashorn,N2,
1025,Zeugma-Link,Nashorn,N0,0 days 00:25:04.998000
1025,Zeugma-Link,Nashorn,N1,
1025,Zeugma-Link,Nashorn,N2,0 days 00:09:31.040000
1026,Zeugma-X,Nashorn,N0,0 days 01:09:45.515000
1026,Zeugma-X,Nashorn,N1,
1026,Zeugma-X,Nashorn,N2,
1027,Zeugma-1PT,Nashorn,N0,0 days 00:52:37.481000
1027,Zeugma-1PT,Nashorn,N1,
1027,Zeugma-1PT,Nashorn,N2,
1028,Zeugma-2PT,Nashorn,N0,
1028,Zeugma-2PT,Nashorn,N1,
1028,Zeugma-2PT,Nashorn,N2,
1029,BeDiv-Simple,Rhino,R0,
1029,BeDiv-Simple,Rhino,R1,0 days 02:19:41.190000
1029,BeDiv-Simple,Rhino,R2,
1029,BeDiv-Simple,Rhino,R3,0 days 00:00:01.456000
1029,BeDiv-Simple,Rhino,R4,
1030,BeDiv-Struct,Rhino,R0,
1030,BeDiv-Struct,Rhino,R1,0 days 00:10:10.836000
1030,BeDiv-Struct,Rhino,R2,
1030,BeDiv-Struct,Rhino,R3,0 days 00:00:00.572000
1030,BeDiv-Struct,Rhino,R4,
1031,RLCheck,Rhino,R0,
1031,RLCheck,Rhino,R1,
1031,RLCheck,Rhino,R2,
1031,RLCheck,Rhino,R3,0 days 00:00:08.396000
1031,RLCheck,Rhino,R4,
1032,Zest,Rhino,R0,
1032,Zest,Rhino,R1,0 days 00:24:24.388000
1032,Zest,Rhino,R2,
1032,Zest,Rhino,R3,0 days 00:00:15.368000
1032,Zest,Rhino,R4,
1033,Zeugma-Link,Rhino,R0,
1033,Zeugma-Link,Rhino,R1,
1033,Zeugma-Link,Rhino,R2,
1033,Zeugma-Link,Rhino,R3,0 days 00:00:09.672000
1033,Zeugma-Link,Rhino,R4,0 days 00:22:44.171000
1034,Zeugma-X,Rhino,R0,0 days 01:17:08.549000
1034,Zeugma-X,Rhino,R1,0 days 00:01:23.236000
1034,Zeugma-X,Rhino,R2,0 days 01:17:00.977000
1034,Zeugma-X,Rhino,R3,0 days 00:00:02.376000
1034,Zeugma-X,Rhino,R4,0 days 00:42:01.210000
1035,Zeugma-1PT,Rhino,R0,0 days 02:04:05.084000
1035,Zeugma-1PT,Rhino,R1,
1035,Zeugma-1PT,Rhino,R2,0 days 02:25:08.637000
1035,Zeugma-1PT,Rhino,R3,0 days 00:00:08.664000
1035,Zeugma-1PT,Rhino,R4,
1036,Zeugma-2PT,Rhino,R0,0 days 02:16:20.235000
1036,Zeugma-2PT,Rhino,R1,0 days 00:10:44.240000
1036,Zeugma-2PT,Rhino,R2,0 days 02:09:19.797000
1036,Zeugma-2PT,Rhino,R3,0 days 00:00:00.664000
1036,Zeugma-2PT,Rhino,R4,0 days 00:26:18.050000
1053,BeDiv-Simple,Bcel,B0,0 days 01:27:07.768000
1053,BeDiv-Simple,Bcel,B1,
1054,BeDiv-Struct,Bcel,B0,0 days 02:16:09.634000
1054,BeDiv-Struct,Bcel,B1,
1055,Zest,Bcel,B0,0 days 00:59:10.726000
1055,Zest,Bcel,B1,
1056,Zeugma-Link,Bcel,B0,0 days 00:11:35.225000
1056,Zeugma-Link,Bcel,B1,
1057,Zeugma-X,Bcel,B0,0 days 00:21:08.139000
1057,Zeugma-X,Bcel,B1,
1058,Zeugma-1PT,Bcel,B0,0 days 00:12:33.061000
1058,Zeugma-1PT,Bcel,B1,
1059,Zeugma-2PT,Bcel,B0,0 days 00:07:52.978000
1059,Zeugma-2PT,Bcel,B1,0 days 00:09:11.507000
1060,BeDiv-Simple,Closure,C0,
1060,BeDiv-Simple,Closure,C1,0 days 00:02:22.583000
1061,BeDiv-Struct,Closure,C0,
1061,BeDiv-Struct,Closure,C1,0 days 00:55:23.536000
1062,RLCheck,Closure,C0,
1062,RLCheck,Closure,C1,0 days 00:09:16.880000
1063,Zest,Closure,C0,
1063,Zest,Closure,C1,0 days 00:07:38.699000
1064,Zeugma-Link,Closure,C0,0 days 01:30:02.264000
1064,Zeugma-Link,Closure,C1,0 days 00:00:05.100000
1065,Zeugma-X,Closure,C0,
1065,Zeugma-X,Closure,C1,0 days 00:07:17.435000
1066,Zeugma-1PT,Closure,C0,
1066,Zeugma-1PT,Closure,C1,0 days 00:14:12.585000
1067,Zeugma-2PT,Closure,C0,
1067,Zeugma-2PT,Closure,C1,0 days 00:00:37.329000
1076,BeDiv-Simple,Nashorn,N0,
1076,BeDiv-Simple,Nashorn,N1,
1076,BeDiv-Simple,Nashorn,N2,
1077,BeDiv-Struct,Nashorn,N0,
1077,BeDiv-Struct,Nashorn,N1,
1077,BeDiv-Struct,Nashorn,N2,
1078,RLCheck,Nashorn,N0,
1078,RLCheck,Nashorn,N1,
1078,RLCheck,Nashorn,N2,
1079,Zest,Nashorn,N0,
1079,Zest,Nashorn,N1,
1079,Zest,Nashorn,N2,
1080,Zeugma-Link,Nashorn,N0,0 days 00:20:14.372000
1080,Zeugma-Link,Nashorn,N1,
1080,Zeugma-Link,Nashorn,N2,
1081,Zeugma-X,Nashorn,N0,0 days 02:30:28.167000
1081,Zeugma-X,Nashorn,N1,
1081,Zeugma-X,Nashorn,N2,
1082,Zeugma-1PT,Nashorn,N0,
1082,Zeugma-1PT,Nashorn,N1,
1082,Zeugma-1PT,Nashorn,N2,
1083,Zeugma-2PT,Nashorn,N0,
1083,Zeugma-2PT,Nashorn,N1,
1083,Zeugma-2PT,Nashorn,N2,
1084,BeDiv-Simple,Rhino,R0,
1084,BeDiv-Simple,Rhino,R1,
1084,BeDiv-Simple,Rhino,R2,
1084,BeDiv-Simple,Rhino,R3,0 days 00:00:00.188000
1084,BeDiv-Simple,Rhino,R4,
1085,BeDiv-Struct,Rhino,R0,
1085,BeDiv-Struct,Rhino,R1,0 days 01:00:58.670000
1085,BeDiv-Struct,Rhino,R2,
1085,BeDiv-Struct,Rhino,R3,0 days 00:00:01.672000
1085,BeDiv-Struct,Rhino,R4,
1086,RLCheck,Rhino,R0,
1086,RLCheck,Rhino,R1,
1086,RLCheck,Rhino,R2,
1086,RLCheck,Rhino,R3,0 days 00:00:08.200000
1086,RLCheck,Rhino,R4,
1087,Zest,Rhino,R0,
1087,Zest,Rhino,R1,0 days 02:23:55.355000
1087,Zest,Rhino,R2,
1087,Zest,Rhino,R3,0 days 00:00:06.396000
1087,Zest,Rhino,R4,
1088,Zeugma-Link,Rhino,R0,
1088,Zeugma-Link,Rhino,R1,0 days 01:08:22.378000
1088,Zeugma-Link,Rhino,R2,0 days 01:48:33.150000
1088,Zeugma-Link,Rhino,R3,0 days 00:00:03.048000
1088,Zeugma-Link,Rhino,R4,0 days 02:09:03.606000
1089,Zeugma-X,Rhino,R0,0 days 01:51:16.911000
1089,Zeugma-X,Rhino,R1,0 days 00:00:29.056000
1089,Zeugma-X,Rhino,R2,0 days 00:39:07.145000
1089,Zeugma-X,Rhino,R3,0 days 00:00:00.976000
1089,Zeugma-X,Rhino,R4,0 days 01:33:40.909000
1090,Zeugma-1PT,Rhino,R0,
1090,Zeugma-1PT,Rhino,R1,
1090,Zeugma-1PT,Rhino,R2,
1090,Zeugma-1PT,Rhino,R3,0 days 00:00:03.668000
1090,Zeugma-1PT,Rhino,R4,0 days 00:20:48.592000
1091,Zeugma-2PT,Rhino,R0,0 days 00:58:02.230000
1091,Zeugma-2PT,Rhino,R1,0 days 01:33:38.818000
1091,Zeugma-2PT,Rhino,R2,0 days 02:15:43.641000
1091,Zeugma-2PT,Rhino,R3,0 days 00:00:14.140000
1091,Zeugma-2PT,Rhino,R4,0 days 02:10:03.873000
11,Zeugma-Link,Bcel,B0,0 days 00:03:16.397000
11,Zeugma-Link,Bcel,B1,
118,BeDiv-Simple,Bcel,B0,0 days 02:59:36.284000
118,BeDiv-Simple,Bcel,B1,
119,BeDiv-Struct,Bcel,B0,
119,BeDiv-Struct,Bcel,B1,
12,Zeugma-X,Bcel,B0,0 days 00:17:40.774000
12,Zeugma-X,Bcel,B1,
120,Zest,Bcel,B0,0 days 00:33:08.856000
120,Zest,Bcel,B1,
121,Zeugma-Link,Bcel,B0,0 days 00:03:48.477000
121,Zeugma-Link,Bcel,B1,
122,Zeugma-X,Bcel,B0,0 days 00:41:11.778000
122,Zeugma-X,Bcel,B1,
123,Zeugma-1PT,Bcel,B0,0 days 00:15:11.430000
123,Zeugma-1PT,Bcel,B1,
124,Zeugma-2PT,Bcel,B0,0 days 00:00:47.476000
124,Zeugma-2PT,Bcel,B1,
125,BeDiv-Simple,Closure,C0,
125,BeDiv-Simple,Closure,C1,0 days 00:05:08.443000
126,BeDiv-Struct,Closure,C0,
126,BeDiv-Struct,Closure,C1,0 days 00:31:51.403000
127,RLCheck,Closure,C0,
127,RLCheck,Closure,C1,0 days 00:10:49.044000
128,Zest,Closure,C0,
128,Zest,Closure,C1,0 days 00:32:06.963000
129,Zeugma-Link,Closure,C0,
129,Zeugma-Link,Closure,C1,0 days 00:05:20.622000
13,Zeugma-1PT,Bcel,B0,0 days 00:57:55.205000
13,Zeugma-1PT,Bcel,B1,
130,Zeugma-X,Closure,C0,
130,Zeugma-X,Closure,C1,0 days 00:08:18.171000
131,Zeugma-1PT,Closure,C0,0 days 02:13:04.652000
131,Zeugma-1PT,Closure,C1,0 days 00:09:42.611000
132,Zeugma-2PT,Closure,C0,
132,Zeugma-2PT,Closure,C1,0 days 00:00:04.916000
14,Zeugma-2PT,Bcel,B0,0 days 00:29:54.595000
14,Zeugma-2PT,Bcel,B1,
141,BeDiv-Simple,Nashorn,N0,
141,BeDiv-Simple,Nashorn,N1,
141,BeDiv-Simple,Nashorn,N2,
142,BeDiv-Struct,Nashorn,N0,
142,BeDiv-Struct,Nashorn,N1,
142,BeDiv-Struct,Nashorn,N2,
143,RLCheck,Nashorn,N0,
143,RLCheck,Nashorn,N1,
143,RLCheck,Nashorn,N2,
144,Zest,Nashorn,N0,
144,Zest,Nashorn,N1,
144,Zest,Nashorn,N2,
145,Zeugma-Link,Nashorn,N0,0 days 00:49:08.080000
145,Zeugma-Link,Nashorn,N1,
145,Zeugma-Link,Nashorn,N2,
146,Zeugma-X,Nashorn,N0,0 days 01:32:49.948000
146,Zeugma-X,Nashorn,N1,
146,Zeugma-X,Nashorn,N2,
147,Zeugma-1PT,Nashorn,N0,
147,Zeugma-1PT,Nashorn,N1,
147,Zeugma-1PT,Nashorn,N2,
148,Zeugma-2PT,Nashorn,N0,0 days 01:32:33.482000
148,Zeugma-2PT,Nashorn,N1,
148,Zeugma-2PT,Nashorn,N2,
149,BeDiv-Simple,Rhino,R0,
149,BeDiv-Simple,Rhino,R1,
149,BeDiv-Simple,Rhino,R2,
149,BeDiv-Simple,Rhino,R3,0 days 00:00:01.040000
149,BeDiv-Simple,Rhino,R4,
15,BeDiv-Simple,Closure,C0,
15,BeDiv-Simple,Closure,C1,0 days 01:10:49.916000
150,BeDiv-Struct,Rhino,R0,
150,BeDiv-Struct,Rhino,R1,0 days 00:00:46.268000
150,BeDiv-Struct,Rhino,R2,
150,BeDiv-Struct,Rhino,R3,0 days 00:00:14.288000
150,BeDiv-Struct,Rhino,R4,
151,RLCheck,Rhino,R0,
151,RLCheck,Rhino,R1,
151,RLCheck,Rhino,R2,
151,RLCheck,Rhino,R3,0 days 00:00:11.132000
151,RLCheck,Rhino,R4,
152,Zest,Rhino,R0,
152,Zest,Rhino,R1,0 days 00:24:11.450000
152,Zest,Rhino,R2,
152,Zest,Rhino,R3,0 days 00:00:12.456000
152,Zest,Rhino,R4,
153,Zeugma-Link,Rhino,R0,0 days 00:35:37.722000
153,Zeugma-Link,Rhino,R1,0 days 00:09:39
153,Zeugma-Link,Rhino,R2,0 days 00:10:04.096000
153,Zeugma-Link,Rhino,R3,0 days 00:00:08.588000
153,Zeugma-Link,Rhino,R4,
154,Zeugma-X,Rhino,R0,0 days 01:11:40.708000
154,Zeugma-X,Rhino,R1,0 days 00:52:28.224000
154,Zeugma-X,Rhino,R2,0 days 01:03:01.204000
154,Zeugma-X,Rhino,R3,0 days 00:00:06.788000
154,Zeugma-X,Rhino,R4,
155,Zeugma-1PT,Rhino,R0,0 days 00:39:06.843000
155,Zeugma-1PT,Rhino,R1,0 days 00:53:04.485000
155,Zeugma-1PT,Rhino,R2,0 days 01:06:56.902000
155,Zeugma-1PT,Rhino,R3,0 days 00:00:08.444000
155,Zeugma-1PT,Rhino,R4,0 days 01:17:57.922000
156,Zeugma-2PT,Rhino,R0,0 days 02:01:21.251000
156,Zeugma-2PT,Rhino,R1,0 days 00:42:16.417000
156,Zeugma-2PT,Rhino,R2,0 days 00:53:01.013000
156,Zeugma-2PT,Rhino,R3,0 days 00:00:06.733000
156,Zeugma-2PT,Rhino,R4,
16,BeDiv-Struct,Closure,C0,
16,BeDiv-Struct,Closure,C1,0 days 00:32:17.810000
17,RLCheck,Closure,C0,
17,RLCheck,Closure,C1,0 days 00:04:16.197000
173,BeDiv-Simple,Bcel,B0,0 days 00:31:38.753000
173,BeDiv-Simple,Bcel,B1,
174,BeDiv-Struct,Bcel,B0,0 days 01:26:51.501000
174,BeDiv-Struct,Bcel,B1,
175,Zest,Bcel,B0,0 days 00:43:02.537000
175,Zest,Bcel,B1,
176,Zeugma-Link,Bcel,B0,0 days 00:17:29.178000
176,Zeugma-Link,Bcel,B1,
177,Zeugma-X,Bcel,B0,0 days 00:10:03.436000
177,Zeugma-X,Bcel,B1,
178,Zeugma-1PT,Bcel,B0,0 days 00:53:00.561000
178,Zeugma-1PT,Bcel,B1,
179,Zeugma-2PT,Bcel,B0,0 days 00:33:35.401000
179,Zeugma-2PT,Bcel,B1,
18,Zest,Closure,C0,
18,Zest,Closure,C1,0 days 00:25:20.723000
180,BeDiv-Simple,Closure,C0,
180,BeDiv-Simple,Closure,C1,0 days 00:19:47.060000
181,BeDiv-Struct,Closure,C0,
181,BeDiv-Struct,Closure,C1,0 days 00:47:51.091000
182,RLCheck,Closure,C0,
182,RLCheck,Closure,C1,0 days 00:02:09.397000
183,Zest,Closure,C0,0 days 01:31:21.547000
183,Zest,Closure,C1,0 days 00:19:11.104000
184,Zeugma-Link,Closure,C0,0 days 01:54:02.496000
184,Zeugma-Link,Closure,C1,0 days 00:00:34.196000
185,Zeugma-X,Closure,C0,
185,Zeugma-X,Closure,C1,0 days 00:05:43.406000
186,Zeugma-1PT,Closure,C0,
186,Zeugma-1PT,Closure,C1,0 days 00:04:34.858000
187,Zeugma-2PT,Closure,C0,0 days 01:37:21.158000
187,Zeugma-2PT,Closure,C1,0 days 00:03:38.466000
19,Zeugma-Link,Closure,C0,0 days 01:50:10.247000
19,Zeugma-Link,Closure,C1,0 days 00:00:11.772000
196,BeDiv-Simple,Nashorn,N0,
196,BeDiv-Simple,Nashorn,N1,
196,BeDiv-Simple,Nashorn,N2,
197,BeDiv-Struct,Nashorn,N0,
197,BeDiv-Struct,Nashorn,N1,
197,BeDiv-Struct,Nashorn,N2,
198,RLCheck,Nashorn,N0,
198,RLCheck,Nashorn,N1,
198,RLCheck,Nashorn,N2,
199,Zest,Nashorn,N0,
199,Zest,Nashorn,N1,
199,Zest,Nashorn,N2,
20,Zeugma-X,Closure,C0,
20,Zeugma-X,Closure,C1,0 days 00:00:19.504000
200,Zeugma-Link,Nashorn,N0,0 days 00:09:48.708000
200,Zeugma-Link,Nashorn,N1,
200,Zeugma-Link,Nashorn,N2,0 days 01:47:51.781000
201,Zeugma-X,Nashorn,N0,
201,Zeugma-X,Nashorn,N1,
201,Zeugma-X,Nashorn,N2,
202,Zeugma-1PT,Nashorn,N0,0 days 02:37:56.581000
202,Zeugma-1PT,Nashorn,N1,
202,Zeugma-1PT,Nashorn,N2,
203,Zeugma-2PT,Nashorn,N0,0 days 01:43:13.915000
203,Zeugma-2PT,Nashorn,N1,
203,Zeugma-2PT,Nashorn,N2,
204,BeDiv-Simple,Rhino,R0,
204,BeDiv-Simple,Rhino,R1,
204,BeDiv-Simple,Rhino,R2,
204,BeDiv-Simple,Rhino,R3,0 days 00:00:03.616000
204,BeDiv-Simple,Rhino,R4,
205,BeDiv-Struct,Rhino,R0,
205,BeDiv-Struct,Rhino,R1,0 days 00:02:04.841000
205,BeDiv-Struct,Rhino,R2,
205,BeDiv-Struct,Rhino,R3,0 days 00:00:14.904000
205,BeDiv-Struct,Rhino,R4,
206,RLCheck,Rhino,R0,
206,RLCheck,Rhino,R1,
206,RLCheck,Rhino,R2,
206,RLCheck,Rhino,R3,0 days 00:00:10.608000
206,RLCheck,Rhino,R4,
207,Zest,Rhino,R0,0 days 02:20:46.463000
207,Zest,Rhino,R1,0 days 00:50:35.925000
207,Zest,Rhino,R2,0 days 02:45:12.525000
207,Zest,Rhino,R3,0 days 00:00:12.509000
207,Zest,Rhino,R4,0 days 02:58:23.046000
208,Zeugma-Link,Rhino,R0,
208,Zeugma-Link,Rhino,R1,
208,Zeugma-Link,Rhino,R2,0 days 00:22:13.250000
208,Zeugma-Link,Rhino,R3,0 days 00:00:05.264000
208,Zeugma-Link,Rhino,R4,0 days 01:07:51.355000
209,Zeugma-X,Rhino,R0,0 days 00:33:01.668000
209,Zeugma-X,Rhino,R1,0 days 01:04:26.177000
209,Zeugma-X,Rhino,R2,0 days 00:12:43.768000
209,Zeugma-X,Rhino,R3,0 days 00:00:03.876000
209,Zeugma-X,Rhino,R4,0 days 00:30:52.683000
21,Zeugma-1PT,Closure,C0,
21,Zeugma-1PT,Closure,C1,0 days 00:06:50.905000
210,Zeugma-1PT,Rhino,R0,0 days 01:41:53.353000
210,Zeugma-1PT,Rhino,R1,0 days 00:00:11.720000
210,Zeugma-1PT,Rhino,R2,0 days 00:48:37.569000
210,Zeugma-1PT,Rhino,R3,0 days 00:00:09.076000
210,Zeugma-1PT,Rhino,R4,0 days 00:38:36.001000
211,Zeugma-2PT,Rhino,R0,
211,Zeugma-2PT,Rhino,R1,0 days 02:26:44.800000
211,Zeugma-2PT,Rhino,R2,0 days 01:22:33.315000
211,Zeugma-2PT,Rhino,R3,0 days 00:00:07.184000
211,Zeugma-2PT,Rhino,R4,
22,Zeugma-2PT,Closure,C0,
22,Zeugma-2PT,Closure,C1,0 days 00:01:19.640000
228,BeDiv-Simple,Bcel,B0,
228,BeDiv-Simple,Bcel,B1,
229,BeDiv-Struct,Bcel,B0,
229,BeDiv-Struct,Bcel,B1,
230,Zest,Bcel,B0,0 days 00:36:51.377000
230,Zest,Bcel,B1,
231,Zeugma-Link,Bcel,B0,0 days 00:12:39.665000
231,Zeugma-Link,Bcel,B1,
232,Zeugma-X,Bcel,B0,0 days 00:15:29.152000
232,Zeugma-X,Bcel,B1,
233,Zeugma-1PT,Bcel,B0,0 days 00:57:36.949000
233,Zeugma-1PT,Bcel,B1,
234,Zeugma-2PT,Bcel,B0,0 days 00:25:06.744000
234,Zeugma-2PT,Bcel,B1,
235,BeDiv-Simple,Closure,C0,
235,BeDiv-Simple,Closure,C1,0 days 01:55:14.559000
236,BeDiv-Struct,Closure,C0,
236,BeDiv-Struct,Closure,C1,0 days 01:02:41.677000
237,RLCheck,Closure,C0,
237,RLCheck,Closure,C1,0 days 00:28:40.466000
238,Zest,Closure,C0,
238,Zest,Closure,C1,0 days 00:16:50.688000
239,Zeugma-Link,Closure,C0,0 days 01:33:16.245000
239,Zeugma-Link,Closure,C1,0 days 00:11:54.797000
240,Zeugma-X,Closure,C0,0 days 00:34:39.068000
240,Zeugma-X,Closure,C1,0 days 00:06:17.704000
241,Zeugma-1PT,Closure,C0,0 days 02:06:02.528000
241,Zeugma-1PT,Closure,C1,0 days 00:00:31.108000
242,Zeugma-2PT,Closure,C0,0 days 02:19:16.540000
242,Zeugma-2PT,Closure,C1,0 days 00:05:10.364000
251,BeDiv-Simple,Nashorn,N0,
251,BeDiv-Simple,Nashorn,N1,
251,BeDiv-Simple,Nashorn,N2,
252,BeDiv-Struct,Nashorn,N0,
252,BeDiv-Struct,Nashorn,N1,
252,BeDiv-Struct,Nashorn,N2,
253,RLCheck,Nashorn,N0,
253,RLCheck,Nashorn,N1,
253,RLCheck,Nashorn,N2,
254,Zest,Nashorn,N0,
254,Zest,Nashorn,N1,
254,Zest,Nashorn,N2,
255,Zeugma-Link,Nashorn,N0,0 days 00:17:30.862000
255,Zeugma-Link,Nashorn,N1,
255,Zeugma-Link,Nashorn,N2,
256,Zeugma-X,Nashorn,N0,0 days 01:18:48.502000
256,Zeugma-X,Nashorn,N1,
256,Zeugma-X,Nashorn,N2,
257,Zeugma-1PT,Nashorn,N0,0 days 01:35:32.523000
257,Zeugma-1PT,Nashorn,N1,
257,Zeugma-1PT,Nashorn,N2,
258,Zeugma-2PT,Nashorn,N0,
258,Zeugma-2PT,Nashorn,N1,0 days 01:57:35.048000
258,Zeugma-2PT,Nashorn,N2,
259,BeDiv-Simple,Rhino,R0,
259,BeDiv-Simple,Rhino,R1,0 days 01:43:49.494000
259,BeDiv-Simple,Rhino,R2,
259,BeDiv-Simple,Rhino,R3,0 days 00:00:01.880000
259,BeDiv-Simple,Rhino,R4,
260,BeDiv-Struct,Rhino,R0,
260,BeDiv-Struct,Rhino,R1,
260,BeDiv-Struct,Rhino,R2,
260,BeDiv-Struct,Rhino,R3,0 days 00:00:03.664000
260,BeDiv-Struct,Rhino,R4,
261,RLCheck,Rhino,R0,
261,RLCheck,Rhino,R1,
261,RLCheck,Rhino,R2,
261,RLCheck,Rhino,R3,0 days 00:00:07.500000
261,RLCheck,Rhino,R4,
262,Zest,Rhino,R0,
262,Zest,Rhino,R1,
262,Zest,Rhino,R2,
262,Zest,Rhino,R3,0 days 00:00:05.700000
262,Zest,Rhino,R4,
263,Zeugma-Link,Rhino,R0,0 days 00:05:03.728000
263,Zeugma-Link,Rhino,R1,0 days 00:38:09.977000
263,Zeugma-Link,Rhino,R2,0 days 00:11:01.687000
263,Zeugma-Link,Rhino,R3,0 days 00:00:07.012000
263,Zeugma-Link,Rhino,R4,0 days 00:51:00.339000
264,Zeugma-X,Rhino,R0,0 days 00:26:47.862000
264,Zeugma-X,Rhino,R1,
264,Zeugma-X,Rhino,R2,0 days 00:47:32.236000
264,Zeugma-X,Rhino,R3,0 days 00:00:02.788000
264,Zeugma-X,Rhino,R4,0 days 01:58:50.913000
265,Zeugma-1PT,Rhino,R0,0 days 00:36:51.287000
265,Zeugma-1PT,Rhino,R1,0 days 01:32:04.224000
265,Zeugma-1PT,Rhino,R2,
265,Zeugma-1PT,Rhino,R3,0 days 00:00:01.428000
265,Zeugma-1PT,Rhino,R4,0 days 01:04:05.333000
266,Zeugma-2PT,Rhino,R0,0 days 02:56:02.518000
266,Zeugma-2PT,Rhino,R1,0 days 00:32:59.551000
266,Zeugma-2PT,Rhino,R2,0 days 01:39:53.637000
266,Zeugma-2PT,Rhino,R3,0 days 00:00:05.984000
266,Zeugma-2PT,Rhino,R4,0 days 00:19:09.755000
283,BeDiv-Simple,Bcel,B0,0 days 01:02:14.526000
283,BeDiv-Simple,Bcel,B1,
284,BeDiv-Struct,Bcel,B0,0 days 00:01:17.392000
284,BeDiv-Struct,Bcel,B1,
285,Zest,Bcel,B0,0 days 00:11:42.467000
285,Zest,Bcel,B1,
286,Zeugma-Link,Bcel,B0,0 days 00:10:45.228000
286,Zeugma-Link,Bcel,B1,
287,Zeugma-X,Bcel,B0,0 days 00:03:37.281000
287,Zeugma-X,Bcel,B1,
288,Zeugma-1PT,Bcel,B0,0 days 00:11:14.671000
288,Zeugma-1PT,Bcel,B1,
289,Zeugma-2PT,Bcel,B0,0 days 00:22:17.027000
289,Zeugma-2PT,Bcel,B1,
290,BeDiv-Simple,Closure,C0,
290,BeDiv-Simple,Closure,C1,0 days 00:05:42.912000
291,BeDiv-Struct,Closure,C0,0 days 01:19:36.923000
291,BeDiv-Struct,Closure,C1,0 days 00:09:28.732000
292,RLCheck,Closure,C0,
292,RLCheck,Closure,C1,0 days 00:06:17.263000
293,Zest,Closure,C0,
293,Zest,Closure,C1,0 days 01:04:15.217000
294,Zeugma-Link,Closure,C0,
294,Zeugma-Link,Closure,C1,0 days 00:11:10.626000
295,Zeugma-X,Closure,C0,
295,Zeugma-X,Closure,C1,0 days 00:00:56.924000
296,Zeugma-1PT,Closure,C0,0 days 00:37:16.645000
296,Zeugma-1PT,Closure,C1,0 days 00:01:47.633000
297,Zeugma-2PT,Closure,C0,
297,Zeugma-2PT,Closure,C1,0 days 00:02:37.796000
306,BeDiv-Simple,Nashorn,N0,
306,BeDiv-Simple,Nashorn,N1,
306,BeDiv-Simple,Nashorn,N2,
307,BeDiv-Struct,Nashorn,N0,
307,BeDiv-Struct,Nashorn,N1,
307,BeDiv-Struct,Nashorn,N2,
308,RLCheck,Nashorn,N0,
308,RLCheck,Nashorn,N1,
308,RLCheck,Nashorn,N2,
309,Zest,Nashorn,N0,
309,Zest,Nashorn,N1,
309,Zest,Nashorn,N2,
31,BeDiv-Simple,Nashorn,N0,
31,BeDiv-Simple,Nashorn,N1,
31,BeDiv-Simple,Nashorn,N2,
310,Zeugma-Link,Nashorn,N0,0 days 00:12:47.641000
310,Zeugma-Link,Nashorn,N1,
310,Zeugma-Link,Nashorn,N2,0 days 01:35:38.289000
311,Zeugma-X,Nashorn,N0,0 days 00:38:31.785000
311,Zeugma-X,Nashorn,N1,
311,Zeugma-X,Nashorn,N2,
312,Zeugma-1PT,Nashorn,N0,0 days 01:00:03.323000
312,Zeugma-1PT,Nashorn,N1,
312,Zeugma-1PT,Nashorn,N2,
313,Zeugma-2PT,Nashorn,N0,0 days 01:42:08.488000
313,Zeugma-2PT,Nashorn,N1,
313,Zeugma-2PT,Nashorn,N2,
314,BeDiv-Simple,Rhino,R0,
314,BeDiv-Simple,Rhino,R1,0 days 01:54:43.833000
314,BeDiv-Simple,Rhino,R2,
314,BeDiv-Simple,Rhino,R3,0 days 00:00:03.512000
314,BeDiv-Simple,Rhino,R4,
315,BeDiv-Struct,Rhino,R0,
315,BeDiv-Struct,Rhino,R1,
315,BeDiv-Struct,Rhino,R2,
315,BeDiv-Struct,Rhino,R3,0 days 00:00:14.212000
315,BeDiv-Struct,Rhino,R4,
316,RLCheck,Rhino,R0,
316,RLCheck,Rhino,R1,
316,RLCheck,Rhino,R2,
316,RLCheck,Rhino,R3,0 days 00:00:09.480000
316,RLCheck,Rhino,R4,
317,Zest,Rhino,R0,
317,Zest,Rhino,R1,0 days 00:16:36.655000
317,Zest,Rhino,R2,
317,Zest,Rhino,R3,0 days 00:00:02.632000
317,Zest,Rhino,R4,
318,Zeugma-Link,Rhino,R0,0 days 01:21:25.151000
318,Zeugma-Link,Rhino,R1,0 days 00:09:53.607000
318,Zeugma-Link,Rhino,R2,0 days 01:44:56.287000
318,Zeugma-Link,Rhino,R3,0 days 00:00:05.896000
318,Zeugma-Link,Rhino,R4,0 days 01:43:08.350000
319,Zeugma-X,Rhino,R0,
319,Zeugma-X,Rhino,R1,
319,Zeugma-X,Rhino,R2,
319,Zeugma-X,Rhino,R3,0 days 00:00:03.840000
319,Zeugma-X,Rhino,R4,0 days 00:24:49.405000
32,BeDiv-Struct,Nashorn,N0,
32,BeDiv-Struct,Nashorn,N1,
32,BeDiv-Struct,Nashorn,N2,
320,Zeugma-1PT,Rhino,R0,0 days 01:28:49.701000
320,Zeugma-1PT,Rhino,R1,
320,Zeugma-1PT,Rhino,R2,0 days 00:23:50.091000
320,Zeugma-1PT,Rhino,R3,0 days 00:00:00.724000
320,Zeugma-1PT,Rhino,R4,0 days 00:50:28.356000
321,Zeugma-2PT,Rhino,R0,0 days 02:59:54.404000
321,Zeugma-2PT,Rhino,R1,0 days 01:07:27.458000
321,Zeugma-2PT,Rhino,R2,0 days 01:24:23.617000
321,Zeugma-2PT,Rhino,R3,0 days 00:00:23.932000
321,Zeugma-2PT,Rhino,R4,
33,RLCheck,Nashorn,N0,
33,RLCheck,Nashorn,N1,
33,RLCheck,Nashorn,N2,
338,BeDiv-Simple,Bcel,B0,0 days 01:50:07.077000
338,BeDiv-Simple,Bcel,B1,
339,BeDiv-Struct,Bcel,B0,0 days 00:51:50.250000
339,BeDiv-Struct,Bcel,B1,
34,Zest,Nashorn,N0,
34,Zest,Nashorn,N1,
34,Zest,Nashorn,N2,
340,Zest,Bcel,B0,0 days 00:12:16.644000
340,Zest,Bcel,B1,
341,Zeugma-Link,Bcel,B0,0 days 00:10:20.123000
341,Zeugma-Link,Bcel,B1,
342,Zeugma-X,Bcel,B0,0 days 00:25:21.227000
342,Zeugma-X,Bcel,B1,
343,Zeugma-1PT,Bcel,B0,0 days 00:26:41.425000
343,Zeugma-1PT,Bcel,B1,
344,Zeugma-2PT,Bcel,B0,0 days 00:04:52.600000
344,Zeugma-2PT,Bcel,B1,
345,BeDiv-Simple,Closure,C0,
345,BeDiv-Simple,Closure,C1,0 days 02:45:21.157000
346,BeDiv-Struct,Closure,C0,
346,BeDiv-Struct,Closure,C1,0 days 00:06:49.301000
347,RLCheck,Closure,C0,
347,RLCheck,Closure,C1,0 days 00:01:11.200000
348,Zest,Closure,C0,
348,Zest,Closure,C1,0 days 00:01:33.136000
349,Zeugma-Link,Closure,C0,
349,Zeugma-Link,Closure,C1,0 days 00:00:37.980000
35,Zeugma-Link,Nashorn,N0,0 days 00:18:08.935000
35,Zeugma-Link,Nashorn,N1,
35,Zeugma-Link,Nashorn,N2,
350,Zeugma-X,Closure,C0,
350,Zeugma-X,Closure,C1,0 days 00:00:21.404000
351,Zeugma-1PT,Closure,C0,
351,Zeugma-1PT,Closure,C1,0 days 00:05:03.924000
352,Zeugma-2PT,Closure,C0,
352,Zeugma-2PT,Closure,C1,0 days 00:01:58.140000
36,Zeugma-X,Nashorn,N0,0 days 01:45:48.598000
36,Zeugma-X,Nashorn,N1,
36,Zeugma-X,Nashorn,N2,
361,BeDiv-Simple,Nashorn,N0,
361,BeDiv-Simple,Nashorn,N1,
361,BeDiv-Simple,Nashorn,N2,
362,BeDiv-Struct,Nashorn,N0,
362,BeDiv-Struct,Nashorn,N1,
362,BeDiv-Struct,Nashorn,N2,
363,RLCheck,Nashorn,N0,
363,RLCheck,Nashorn,N1,
363,RLCheck,Nashorn,N2,
364,Zest,Nashorn,N0,
364,Zest,Nashorn,N1,
364,Zest,Nashorn,N2,
365,Zeugma-Link,Nashorn,N0,0 days 00:24:43.449000
365,Zeugma-Link,Nashorn,N1,
365,Zeugma-Link,Nashorn,N2,0 days 01:27:13.304000
366,Zeugma-X,Nashorn,N0,0 days 01:18:43.540000
366,Zeugma-X,Nashorn,N1,
366,Zeugma-X,Nashorn,N2,
367,Zeugma-1PT,Nashorn,N0,
367,Zeugma-1PT,Nashorn,N1,
367,Zeugma-1PT,Nashorn,N2,
368,Zeugma-2PT,Nashorn,N0,0 days 02:44:39.098000
368,Zeugma-2PT,Nashorn,N1,
368,Zeugma-2PT,Nashorn,N2,
369,BeDiv-Simple,Rhino,R0,
369,BeDiv-Simple,Rhino,R1,
369,BeDiv-Simple,Rhino,R2,
369,BeDiv-Simple,Rhino,R3,0 days 00:00:06.960000
369,BeDiv-Simple,Rhino,R4,
37,Zeugma-1PT,Nashorn,N0,
37,Zeugma-1PT,Nashorn,N1,
37,Zeugma-1PT,Nashorn,N2,
370,BeDiv-Struct,Rhino,R0,
370,BeDiv-Struct,Rhino,R1,
370,BeDiv-Struct,Rhino,R2,
370,BeDiv-Struct,Rhino,R3,0 days 00:00:03.692000
370,BeDiv-Struct,Rhino,R4,
371,RLCheck,Rhino,R0,
371,RLCheck,Rhino,R1,
371,RLCheck,Rhino,R2,
371,RLCheck,Rhino,R3,0 days 00:00:08.472000
371,RLCheck,Rhino,R4,
372,Zest,Rhino,R0,
372,Zest,Rhino,R1,0 days 02:38:07.302000
372,Zest,Rhino,R2,
372,Zest,Rhino,R3,0 days 00:00:02.648000
372,Zest,Rhino,R4,
373,Zeugma-Link,Rhino,R0,0 days 00:10:39.456000
373,Zeugma-Link,Rhino,R1,0 days 00:01:28.900000
373,Zeugma-Link,Rhino,R2,0 days 00:13:22.045000
373,Zeugma-Link,Rhino,R3,0 days 00:00:06.600000
373,Zeugma-Link,Rhino,R4,0 days 00:47:25.946000
374,Zeugma-X,Rhino,R0,0 days 01:08:25.195000
374,Zeugma-X,Rhino,R1,0 days 00:04:35.974000
374,Zeugma-X,Rhino,R2,0 days 00:45:03.331000
374,Zeugma-X,Rhino,R3,0 days 00:00:01.732000
374,Zeugma-X,Rhino,R4,0 days 00:59:17.388000
375,Zeugma-1PT,Rhino,R0,0 days 01:29:21.077000
375,Zeugma-1PT,Rhino,R1,0 days 00:24:02.592000
375,Zeugma-1PT,Rhino,R2,0 days 01:25:40.092000
375,Zeugma-1PT,Rhino,R3,0 days 00:00:02.436000
375,Zeugma-1PT,Rhino,R4,0 days 01:38:58.924000
376,Zeugma-2PT,Rhino,R0,0 days 01:45:57.362000
376,Zeugma-2PT,Rhino,R1,0 days 00:26:02.597000
376,Zeugma-2PT,Rhino,R2,0 days 01:49:38.490000
376,Zeugma-2PT,Rhino,R3,0 days 00:00:09.144000
376,Zeugma-2PT,Rhino,R4,0 days 00:53:25.292000
38,Zeugma-2PT,Nashorn,N0,0 days 02:26:04.567000
38,Zeugma-2PT,Nashorn,N1,
38,Zeugma-2PT,Nashorn,N2,
39,BeDiv-Simple,Rhino,R0,
39,BeDiv-Simple,Rhino,R1,0 days 00:08:22.688000
39,BeDiv-Simple,Rhino,R2,
39,BeDiv-Simple,Rhino,R3,0 days 00:00:17.240000
39,BeDiv-Simple,Rhino,R4,
393,BeDiv-Simple,Bcel,B0,0 days 00:45:36.149000
393,BeDiv-Simple,Bcel,B1,
394,BeDiv-Struct,Bcel,B0,0 days 01:21:30.901000
394,BeDiv-Struct,Bcel,B1,
395,Zest,Bcel,B0,0 days 00:05:21.883000
395,Zest,Bcel,B1,
396,Zeugma-Link,Bcel,B0,0 days 00:18:35.095000
396,Zeugma-Link,Bcel,B1,
397,Zeugma-X,Bcel,B0,0 days 00:17:39.362000
397,Zeugma-X,Bcel,B1,
398,Zeugma-1PT,Bcel,B0,0 days 00:50:27.842000
398,Zeugma-1PT,Bcel,B1,
399,Zeugma-2PT,Bcel,B0,0 days 00:02:14.629000
399,Zeugma-2PT,Bcel,B1,
40,BeDiv-Struct,Rhino,R0,
40,BeDiv-Struct,Rhino,R1,0 days 00:21:56.079000
40,BeDiv-Struct,Rhino,R2,
40,BeDiv-Struct,Rhino,R3,0 days 00:00:12.668000
40,BeDiv-Struct,Rhino,R4,
400,BeDiv-Simple,Closure,C0,
400,BeDiv-Simple,Closure,C1,0 days 00:22:58.917000
401,BeDiv-Struct,Closure,C0,
401,BeDiv-Struct,Closure,C1,0 days 00:29:25.715000
402,RLCheck,Closure,C0,
402,RLCheck,Closure,C1,0 days 00:09:05.804000
403,Zest,Closure,C0,0 days 02:04:26.847000
403,Zest,Closure,C1,0 days 00:37:35.439000
404,Zeugma-Link,Closure,C0,
404,Zeugma-Link,Closure,C1,0 days 00:03:36.548000
405,Zeugma-X,Closure,C0,
405,Zeugma-X,Closure,C1,0 days 00:01:05.536000
406,Zeugma-1PT,Closure,C0,0 days 02:57:34.061000
406,Zeugma-1PT,Closure,C1,0 days 00:00:36.324000
407,Zeugma-2PT,Closure,C0,0 days 01:12:38.372000
407,Zeugma-2PT,Closure,C1,0 days 00:05:19.789000
41,RLCheck,Rhino,R0,
41,RLCheck,Rhino,R1,
41,RLCheck,Rhino,R2,
41,RLCheck,Rhino,R3,0 days 00:00:12.288000
41,RLCheck,Rhino,R4,
416,BeDiv-Simple,Nashorn,N0,
416,BeDiv-Simple,Nashorn,N1,
416,BeDiv-Simple,Nashorn,N2,
417,BeDiv-Struct,Nashorn,N0,
417,BeDiv-Struct,Nashorn,N1,
417,BeDiv-Struct,Nashorn,N2,
418,RLCheck,Nashorn,N0,
418,RLCheck,Nashorn,N1,
418,RLCheck,Nashorn,N2,
419,Zest,Nashorn,N0,
419,Zest,Nashorn,N1,
419,Zest,Nashorn,N2,
42,Zest,Rhino,R0,0 days 02:02:32.983000
42,Zest,Rhino,R1,0 days 01:42:03.658000
42,Zest,Rhino,R2,0 days 00:42:13.709000
42,Zest,Rhino,R3,0 days 00:00:07.816000
42,Zest,Rhino,R4,
420,Zeugma-Link,Nashorn,N0,0 days 00:25:34.800000
420,Zeugma-Link,Nashorn,N1,
420,Zeugma-Link,Nashorn,N2,
421,Zeugma-X,Nashorn,N0,
421,Zeugma-X,Nashorn,N1,
421,Zeugma-X,Nashorn,N2,
422,Zeugma-1PT,Nashorn,N0,
422,Zeugma-1PT,Nashorn,N1,
422,Zeugma-1PT,Nashorn,N2,
423,Zeugma-2PT,Nashorn,N0,
423,Zeugma-2PT,Nashorn,N1,
423,Zeugma-2PT,Nashorn,N2,
424,BeDiv-Simple,Rhino,R0,
424,BeDiv-Simple,Rhino,R1,
424,BeDiv-Simple,Rhino,R2,
424,BeDiv-Simple,Rhino,R3,0 days 00:00:12.592000
424,BeDiv-Simple,Rhino,R4,
425,BeDiv-Struct,Rhino,R0,
425,BeDiv-Struct,Rhino,R1,0 days 00:12:15.533000
425,BeDiv-Struct,Rhino,R2,
425,BeDiv-Struct,Rhino,R3,0 days 00:00:18.660000
425,BeDiv-Struct,Rhino,R4,
426,RLCheck,Rhino,R0,
426,RLCheck,Rhino,R1,
426,RLCheck,Rhino,R2,
426,RLCheck,Rhino,R3,0 days 00:00:08.696000
426,RLCheck,Rhino,R4,
427,Zest,Rhino,R0,
427,Zest,Rhino,R1,0 days 00:12:18.981000
427,Zest,Rhino,R2,
427,Zest,Rhino,R3,0 days 00:00:03.504000
427,Zest,Rhino,R4,
428,Zeugma-Link,Rhino,R0,
428,Zeugma-Link,Rhino,R1,
428,Zeugma-Link,Rhino,R2,
428,Zeugma-Link,Rhino,R3,0 days 00:00:03.724000
428,Zeugma-Link,Rhino,R4,0 days 00:34:12.457000
429,Zeugma-X,Rhino,R0,0 days 01:30:01.253000
429,Zeugma-X,Rhino,R1,0 days 00:26:46.191000
429,Zeugma-X,Rhino,R2,0 days 00:37:12.715000
429,Zeugma-X,Rhino,R3,0 days 00:00:12.680000
429,Zeugma-X,Rhino,R4,0 days 00:58:22.770000
43,Zeugma-Link,Rhino,R0,0 days 00:07:07.825000
43,Zeugma-Link,Rhino,R1,0 days 01:17:57.941000
43,Zeugma-Link,Rhino,R2,0 days 00:27:05.220000
43,Zeugma-Link,Rhino,R3,0 days 00:00:02.380000
43,Zeugma-Link,Rhino,R4,0 days 02:08:29.403000
430,Zeugma-1PT,Rhino,R0,
430,Zeugma-1PT,Rhino,R1,0 days 00:12:58.733000
430,Zeugma-1PT,Rhino,R2,0 days 00:38:30.819000
430,Zeugma-1PT,Rhino,R3,0 days 00:00:01.664000
430,Zeugma-1PT,Rhino,R4,
431,Zeugma-2PT,Rhino,R0,0 days 00:47:01.754000
431,Zeugma-2PT,Rhino,R1,0 days 00:03:04.785000
431,Zeugma-2PT,Rhino,R2,0 days 00:13:15.105000
431,Zeugma-2PT,Rhino,R3,0 days 00:00:03.992000
431,Zeugma-2PT,Rhino,R4,0 days 01:26:26.909000
44,Zeugma-X,Rhino,R0,0 days 00:24:39.855000
44,Zeugma-X,Rhino,R1,0 days 00:56:21.089000
44,Zeugma-X,Rhino,R2,0 days 00:37:52.608000
44,Zeugma-X,Rhino,R3,0 days 00:00:13.892000
44,Zeugma-X,Rhino,R4,0 days 01:17:55.678000
448,BeDiv-Simple,Bcel,B0,
448,BeDiv-Simple,Bcel,B1,
449,BeDiv-Struct,Bcel,B0,
449,BeDiv-Struct,Bcel,B1,
45,Zeugma-1PT,Rhino,R0,0 days 00:42:35.416000
45,Zeugma-1PT,Rhino,R1,
45,Zeugma-1PT,Rhino,R2,0 days 01:15:18.621000
45,Zeugma-1PT,Rhino,R3,0 days 00:00:21.372000
45,Zeugma-1PT,Rhino,R4,0 days 02:00:00.111000
450,Zest,Bcel,B0,0 days 00:22:43.473000
450,Zest,Bcel,B1,
451,Zeugma-Link,Bcel,B0,0 days 00:09:22.127000
451,Zeugma-Link,Bcel,B1,
452,Zeugma-X,Bcel,B0,0 days 00:31:31.247000
452,Zeugma-X,Bcel,B1,
453,Zeugma-1PT,Bcel,B0,0 days 00:33:48.758000
453,Zeugma-1PT,Bcel,B1,
454,Zeugma-2PT,Bcel,B0,0 days 00:04:58.210000
454,Zeugma-2PT,Bcel,B1,
455,BeDiv-Simple,Closure,C0,
455,BeDiv-Simple,Closure,C1,0 days 00:05:03.666000
456,BeDiv-Struct,Closure,C0,0 days 01:24:11.628000
456,BeDiv-Struct,Closure,C1,0 days 00:30:33.320000
457,RLCheck,Closure,C0,
457,RLCheck,Closure,C1,0 days 00:15:41.317000
458,Zest,Closure,C0,0 days 02:46:13.403000
458,Zest,Closure,C1,0 days 00:04:26.153000
459,Zeugma-Link,Closure,C0,
459,Zeugma-Link,Closure,C1,0 days 00:08:32.243000
46,Zeugma-2PT,Rhino,R0,
46,Zeugma-2PT,Rhino,R1,0 days 00:03:56.200000
46,Zeugma-2PT,Rhino,R2,
46,Zeugma-2PT,Rhino,R3,0 days 00:00:08.440000
46,Zeugma-2PT,Rhino,R4,0 days 02:14:43.432000
460,Zeugma-X,Closure,C0,
460,Zeugma-X,Closure,C1,0 days 00:04:00.574000
461,Zeugma-1PT,Closure,C0,
461,Zeugma-1PT,Closure,C1,0 days 00:11:23.292000
462,Zeugma-2PT,Closure,C0,0 days 01:12:59.698000
462,Zeugma-2PT,Closure,C1,0 days 00:03:03.588000
471,BeDiv-Simple,Nashorn,N0,
471,BeDiv-Simple,Nashorn,N1,
471,BeDiv-Simple,Nashorn,N2,
472,BeDiv-Struct,Nashorn,N0,
472,BeDiv-Struct,Nashorn,N1,
472,BeDiv-Struct,Nashorn,N2,
473,RLCheck,Nashorn,N0,
473,RLCheck,Nashorn,N1,
473,RLCheck,Nashorn,N2,
474,Zest,Nashorn,N0,
474,Zest,Nashorn,N1,
474,Zest,Nashorn,N2,
475,Zeugma-Link,Nashorn,N0,0 days 00:17:58.330000
475,Zeugma-Link,Nashorn,N1,
475,Zeugma-Link,Nashorn,N2,
476,Zeugma-X,Nashorn,N0,
476,Zeugma-X,Nashorn,N1,
476,Zeugma-X,Nashorn,N2,
477,Zeugma-1PT,Nashorn,N0,
477,Zeugma-1PT,Nashorn,N1,
477,Zeugma-1PT,Nashorn,N2,
478,Zeugma-2PT,Nashorn,N0,
478,Zeugma-2PT,Nashorn,N1,
478,Zeugma-2PT,Nashorn,N2,0 days 02:58:23.483000
479,BeDiv-Simple,Rhino,R0,
479,BeDiv-Simple,Rhino,R1,0 days 01:34:40.576000
479,BeDiv-Simple,Rhino,R2,
479,BeDiv-Simple,Rhino,R3,0 days 00:00:01.548000
479,BeDiv-Simple,Rhino,R4,
480,BeDiv-Struct,Rhino,R0,
480,BeDiv-Struct,Rhino,R1,
480,BeDiv-Struct,Rhino,R2,
480,BeDiv-Struct,Rhino,R3,0 days 00:00:00.524000
480,BeDiv-Struct,Rhino,R4,
481,RLCheck,Rhino,R0,
481,RLCheck,Rhino,R1,
481,RLCheck,Rhino,R2,
481,RLCheck,Rhino,R3,0 days 00:00:07.824000
481,RLCheck,Rhino,R4,
482,Zest,Rhino,R0,
482,Zest,Rhino,R1,0 days 00:05:09.550000
482,Zest,Rhino,R2,
482,Zest,Rhino,R3,0 days 00:00:03.072000
482,Zest,Rhino,R4,
483,Zeugma-Link,Rhino,R0,0 days 01:00:26.315000
483,Zeugma-Link,Rhino,R1,
483,Zeugma-Link,Rhino,R2,0 days 00:42:07.906000
483,Zeugma-Link,Rhino,R3,0 days 00:00:11.588000
483,Zeugma-Link,Rhino,R4,0 days 00:12:58.529000
484,Zeugma-X,Rhino,R0,
484,Zeugma-X,Rhino,R1,0 days 01:47:34.461000
484,Zeugma-X,Rhino,R2,0 days 00:27:41.085000
484,Zeugma-X,Rhino,R3,0 days 00:00:06.172000
484,Zeugma-X,Rhino,R4,0 days 00:22:09.041000
485,Zeugma-1PT,Rhino,R0,0 days 00:19:45.883000
485,Zeugma-1PT,Rhino,R1,
485,Zeugma-1PT,Rhino,R2,0 days 00:21:59.480000
485,Zeugma-1PT,Rhino,R3,0 days 00:00:02.488000
485,Zeugma-1PT,Rhino,R4,
486,Zeugma-2PT,Rhino,R0,
486,Zeugma-2PT,Rhino,R1,0 days 00:48:42.023000
486,Zeugma-2PT,Rhino,R2,0 days 01:38:50.418000
486,Zeugma-2PT,Rhino,R3,0 days 00:00:00.292000
486,Zeugma-2PT,Rhino,R4,0 days 02:13:31.806000
503,BeDiv-Simple,Bcel,B0,
503,BeDiv-Simple,Bcel,B1,
504,BeDiv-Struct,Bcel,B0,0 days 00:45:44.238000
504,BeDiv-Struct,Bcel,B1,
505,Zest,Bcel,B0,0 days 00:10:44.880000
505,Zest,Bcel,B1,
506,Zeugma-Link,Bcel,B0,0 days 00:07:32.355000
506,Zeugma-Link,Bcel,B1,
507,Zeugma-X,Bcel,B0,0 days 00:06:14.379000
507,Zeugma-X,Bcel,B1,
508,Zeugma-1PT,Bcel,B0,0 days 00:12:20.073000
508,Zeugma-1PT,Bcel,B1,
509,Zeugma-2PT,Bcel,B0,0 days 00:09:15.132000
509,Zeugma-2PT,Bcel,B1,
510,BeDiv-Simple,Closure,C0,
510,BeDiv-Simple,Closure,C1,0 days 00:48:01.615000
511,BeDiv-Struct,Closure,C0,0 days 01:17:18.006000
511,BeDiv-Struct,Closure,C1,0 days 00:48:01.603000
512,RLCheck,Closure,C0,
512,RLCheck,Closure,C1,0 days 00:08:06.863000
513,Zest,Closure,C0,0 days 01:37:00.156000
513,Zest,Closure,C1,0 days 01:12:40.836000
514,Zeugma-Link,Closure,C0,0 days 01:14:31.972000
514,Zeugma-Link,Closure,C1,0 days 00:00:06.272000
515,Zeugma-X,Closure,C0,
515,Zeugma-X,Closure,C1,0 days 00:18:43.479000
516,Zeugma-1PT,Closure,C0,
516,Zeugma-1PT,Closure,C1,0 days 00:12:11.052000
517,Zeugma-2PT,Closure,C0,0 days 01:15:18.301000
517,Zeugma-2PT,Closure,C1,0 days 00:00:36.880000
526,BeDiv-Simple,Nashorn,N0,
526,BeDiv-Simple,Nashorn,N1,
526,BeDiv-Simple,Nashorn,N2,
527,BeDiv-Struct,Nashorn,N0,
527,BeDiv-Struct,Nashorn,N1,
527,BeDiv-Struct,Nashorn,N2,
528,RLCheck,Nashorn,N0,
528,RLCheck,Nashorn,N1,
528,RLCheck,Nashorn,N2,
529,Zest,Nashorn,N0,
529,Zest,Nashorn,N1,
529,Zest,Nashorn,N2,
530,Zeugma-Link,Nashorn,N0,0 days 00:12:25.772000
530,Zeugma-Link,Nashorn,N1,
530,Zeugma-Link,Nashorn,N2,
531,Zeugma-X,Nashorn,N0,0 days 02:46:34.635000
531,Zeugma-X,Nashorn,N1,
531,Zeugma-X,Nashorn,N2,
532,Zeugma-1PT,Nashorn,N0,
532,Zeugma-1PT,Nashorn,N1,
532,Zeugma-1PT,Nashorn,N2,
533,Zeugma-2PT,Nashorn,N0,0 days 02:56:14.963000
533,Zeugma-2PT,Nashorn,N1,
533,Zeugma-2PT,Nashorn,N2,
534,BeDiv-Simple,Rhino,R0,
534,BeDiv-Simple,Rhino,R1,
534,BeDiv-Simple,Rhino,R2,
534,BeDiv-Simple,Rhino,R3,0 days 00:00:02.888000
534,BeDiv-Simple,Rhino,R4,
535,BeDiv-Struct,Rhino,R0,
535,BeDiv-Struct,Rhino,R1,
535,BeDiv-Struct,Rhino,R2,
535,BeDiv-Struct,Rhino,R3,0 days 00:00:08.324000
535,BeDiv-Struct,Rhino,R4,
536,RLCheck,Rhino,R0,
536,RLCheck,Rhino,R1,
536,RLCheck,Rhino,R2,
536,RLCheck,Rhino,R3,0 days 00:00:07.828000
536,RLCheck,Rhino,R4,
537,Zest,Rhino,R0,
537,Zest,Rhino,R1,0 days 00:08:20.492000
537,Zest,Rhino,R2,
537,Zest,Rhino,R3,0 days 00:00:02.684000
537,Zest,Rhino,R4,
538,Zeugma-Link,Rhino,R0,0 days 00:35:49.062000
538,Zeugma-Link,Rhino,R1,
538,Zeugma-Link,Rhino,R2,0 days 00:29:35.956000
538,Zeugma-Link,Rhino,R3,0 days 00:00:06.688000
538,Zeugma-Link,Rhino,R4,0 days 00:50:48.516000
539,Zeugma-X,Rhino,R0,0 days 01:06:09.927000
539,Zeugma-X,Rhino,R1,0 days 01:54:55.770000
539,Zeugma-X,Rhino,R2,0 days 00:48:03.749000
539,Zeugma-X,Rhino,R3,0 days 00:00:00.332000
539,Zeugma-X,Rhino,R4,0 days 00:35:26.032000
540,Zeugma-1PT,Rhino,R0,
540,Zeugma-1PT,Rhino,R1,0 days 00:55:17.887000
540,Zeugma-1PT,Rhino,R2,0 days 00:41:12.579000
540,Zeugma-1PT,Rhino,R3,0 days 00:00:03.364000
540,Zeugma-1PT,Rhino,R4,0 days 00:52:18.787000
541,Zeugma-2PT,Rhino,R0,0 days 01:50:19.678000
541,Zeugma-2PT,Rhino,R1,0 days 00:17:02.307000
541,Zeugma-2PT,Rhino,R2,
541,Zeugma-2PT,Rhino,R3,0 days 00:00:10.416000
541,Zeugma-2PT,Rhino,R4,0 days 00:29:56.972000
558,BeDiv-Simple,Bcel,B0,
558,BeDiv-Simple,Bcel,B1,
559,BeDiv-Struct,Bcel,B0,0 days 00:23:32.645000
559,BeDiv-Struct,Bcel,B1,
560,Zest,Bcel,B0,0 days 00:22:33.873000
560,Zest,Bcel,B1,
561,Zeugma-Link,Bcel,B0,0 days 00:10:38.880000
561,Zeugma-Link,Bcel,B1,
562,Zeugma-X,Bcel,B0,0 days 00:09:11.192000
562,Zeugma-X,Bcel,B1,
563,Zeugma-1PT,Bcel,B0,0 days 00:46:28.894000
563,Zeugma-1PT,Bcel,B1,
564,Zeugma-2PT,Bcel,B0,0 days 00:45:42.202000
564,Zeugma-2PT,Bcel,B1,0 days 00:26:37.349000
565,BeDiv-Simple,Closure,C0,
565,BeDiv-Simple,Closure,C1,0 days 00:16:23.229000
566,BeDiv-Struct,Closure,C0,
566,BeDiv-Struct,Closure,C1,0 days 00:10:51.284000
567,RLCheck,Closure,C0,
567,RLCheck,Closure,C1,0 days 00:10:52.136000
568,Zest,Closure,C0,
568,Zest,Closure,C1,0 days 00:50:41.971000
569,Zeugma-Link,Closure,C0,0 days 00:42:56.685000
569,Zeugma-Link,Closure,C1,0 days 00:11:20.264000
570,Zeugma-X,Closure,C0,0 days 00:02:39.701000
570,Zeugma-X,Closure,C1,0 days 00:06:19.118000
571,Zeugma-1PT,Closure,C0,
571,Zeugma-1PT,Closure,C1,0 days 00:01:27.240000
572,Zeugma-2PT,Closure,C0,
572,Zeugma-2PT,Closure,C1,0 days 00:02:47.645000
581,BeDiv-Simple,Nashorn,N0,
581,BeDiv-Simple,Nashorn,N1,
581,BeDiv-Simple,Nashorn,N2,
582,BeDiv-Struct,Nashorn,N0,
582,BeDiv-Struct,Nashorn,N1,
582,BeDiv-Struct,Nashorn,N2,
583,RLCheck,Nashorn,N0,
583,RLCheck,Nashorn,N1,
583,RLCheck,Nashorn,N2,
584,Zest,Nashorn,N0,
584,Zest,Nashorn,N1,
584,Zest,Nashorn,N2,
585,Zeugma-Link,Nashorn,N0,0 days 00:20:03.747000
585,Zeugma-Link,Nashorn,N1,
585,Zeugma-Link,Nashorn,N2,0 days 00:55:37.747000
586,Zeugma-X,Nashorn,N0,0 days 02:06:53.831000
586,Zeugma-X,Nashorn,N1,
586,Zeugma-X,Nashorn,N2,0 days 01:40:30.102000
587,Zeugma-1PT,Nashorn,N0,
587,Zeugma-1PT,Nashorn,N1,
587,Zeugma-1PT,Nashorn,N2,
588,Zeugma-2PT,Nashorn,N0,0 days 00:32:55.625000
588,Zeugma-2PT,Nashorn,N1,
588,Zeugma-2PT,Nashorn,N2,
589,BeDiv-Simple,Rhino,R0,
589,BeDiv-Simple,Rhino,R1,
589,BeDiv-Simple,Rhino,R2,
589,BeDiv-Simple,Rhino,R3,0 days 00:00:02.116000
589,BeDiv-Simple,Rhino,R4,
590,BeDiv-Struct,Rhino,R0,
590,BeDiv-Struct,Rhino,R1,0 days 00:03:38.476000
590,BeDiv-Struct,Rhino,R2,
590,BeDiv-Struct,Rhino,R3,0 days 00:00:15.152000
590,BeDiv-Struct,Rhino,R4,
591,RLCheck,Rhino,R0,
591,RLCheck,Rhino,R1,
591,RLCheck,Rhino,R2,
591,RLCheck,Rhino,R3,0 days 00:00:07.780000
591,RLCheck,Rhino,R4,
592,Zest,Rhino,R0,
592,Zest,Rhino,R1,0 days 00:11:13.495000
592,Zest,Rhino,R2,
592,Zest,Rhino,R3,0 days 00:00:14.984000
592,Zest,Rhino,R4,
593,Zeugma-Link,Rhino,R0,0 days 01:19:30.050000
593,Zeugma-Link,Rhino,R1,
593,Zeugma-Link,Rhino,R2,
593,Zeugma-Link,Rhino,R3,0 days 00:00:03.396000
593,Zeugma-Link,Rhino,R4,0 days 00:22:45.227000
594,Zeugma-X,Rhino,R0,
594,Zeugma-X,Rhino,R1,0 days 01:09:35.950000
594,Zeugma-X,Rhino,R2,0 days 00:12:21.176000
594,Zeugma-X,Rhino,R3,0 days 00:00:29.548000
594,Zeugma-X,Rhino,R4,0 days 00:48:55.394000
595,Zeugma-1PT,Rhino,R0,0 days 00:31:44.901000
595,Zeugma-1PT,Rhino,R1,0 days 01:05:53.962000
595,Zeugma-1PT,Rhino,R2,0 days 01:39:41.116000
595,Zeugma-1PT,Rhino,R3,0 days 00:00:11.732000
595,Zeugma-1PT,Rhino,R4,0 days 01:22:07.149000
596,Zeugma-2PT,Rhino,R0,0 days 01:44:22.558000
596,Zeugma-2PT,Rhino,R1,0 days 01:22:44.808000
596,Zeugma-2PT,Rhino,R2,0 days 01:11:22.837000
596,Zeugma-2PT,Rhino,R3,0 days 00:00:01.728000
596,Zeugma-2PT,Rhino,R4,0 days 01:33:37.139000
613,BeDiv-Simple,Bcel,B0,0 days 00:26:36.778000
613,BeDiv-Simple,Bcel,B1,
614,BeDiv-Struct,Bcel,B0,
614,BeDiv-Struct,Bcel,B1,
615,Zest,Bcel,B0,0 days 00:53:21.330000
615,Zest,Bcel,B1,
616,Zeugma-Link,Bcel,B0,0 days 00:07:13.639000
616,Zeugma-Link,Bcel,B1,
617,Zeugma-X,Bcel,B0,0 days 00:07:52.856000
617,Zeugma-X,Bcel,B1,
618,Zeugma-1PT,Bcel,B0,0 days 00:41:10.360000
618,Zeugma-1PT,Bcel,B1,
619,Zeugma-2PT,Bcel,B0,0 days 00:16:38.918000
619,Zeugma-2PT,Bcel,B1,
620,BeDiv-Simple,Closure,C0,0 days 02:56:20.507000
620,BeDiv-Simple,Closure,C1,0 days 00:07:25.611000
621,BeDiv-Struct,Closure,C0,
621,BeDiv-Struct,Closure,C1,0 days 00:14:15.624000
622,RLCheck,Closure,C0,
622,RLCheck,Closure,C1,0 days 00:12:27.293000
623,Zest,Closure,C0,
623,Zest,Closure,C1,0 days 00:23:42.116000
624,Zeugma-Link,Closure,C0,0 days 01:52:49.785000
624,Zeugma-Link,Closure,C1,0 days 00:03:21.785000
625,Zeugma-X,Closure,C0,
625,Zeugma-X,Closure,C1,0 days 00:03:20.664000
626,Zeugma-1PT,Closure,C0,
626,Zeugma-1PT,Closure,C1,0 days 00:00:02.080000
627,Zeugma-2PT,Closure,C0,0 days 02:48:05.430000
627,Zeugma-2PT,Closure,C1,0 days 00:00:59.440000
63,BeDiv-Simple,Bcel,B0,
63,BeDiv-Simple,Bcel,B1,
636,BeDiv-Simple,Nashorn,N0,
636,BeDiv-Simple,Nashorn,N1,
636,BeDiv-Simple,Nashorn,N2,
637,BeDiv-Struct,Nashorn,N0,
637,BeDiv-Struct,Nashorn,N1,
637,BeDiv-Struct,Nashorn,N2,
638,RLCheck,Nashorn,N0,
638,RLCheck,Nashorn,N1,
638,RLCheck,Nashorn,N2,
639,Zest,Nashorn,N0,
639,Zest,Nashorn,N1,
639,Zest,Nashorn,N2,
64,BeDiv-Struct,Bcel,B0,0 days 02:26:33.530000
64,BeDiv-Struct,Bcel,B1,
640,Zeugma-Link,Nashorn,N0,0 days 00:03:18.353000
640,Zeugma-Link,Nashorn,N1,
640,Zeugma-Link,Nashorn,N2,0 days 01:40:29.166000
641,Zeugma-X,Nashorn,N0,
641,Zeugma-X,Nashorn,N1,
641,Zeugma-X,Nashorn,N2,
642,Zeugma-1PT,Nashorn,N0,
642,Zeugma-1PT,Nashorn,N1,
642,Zeugma-1PT,Nashorn,N2,
643,Zeugma-2PT,Nashorn,N0,
643,Zeugma-2PT,Nashorn,N1,
643,Zeugma-2PT,Nashorn,N2,
644,BeDiv-Simple,Rhino,R0,
644,BeDiv-Simple,Rhino,R1,0 days 00:01:56.653000
644,BeDiv-Simple,Rhino,R2,
644,BeDiv-Simple,Rhino,R3,0 days 00:00:00.532000
644,BeDiv-Simple,Rhino,R4,
645,BeDiv-Struct,Rhino,R0,
645,BeDiv-Struct,Rhino,R1,
645,BeDiv-Struct,Rhino,R2,
645,BeDiv-Struct,Rhino,R3,0 days 00:00:04.120000
645,BeDiv-Struct,Rhino,R4,
646,RLCheck,Rhino,R0,
646,RLCheck,Rhino,R1,
646,RLCheck,Rhino,R2,
646,RLCheck,Rhino,R3,0 days 00:00:08.608000
646,RLCheck,Rhino,R4,
647,Zest,Rhino,R0,
647,Zest,Rhino,R1,0 days 01:57:55.232000
647,Zest,Rhino,R2,0 days 01:54:29.580000
647,Zest,Rhino,R3,0 days 00:00:03.404000
647,Zest,Rhino,R4,
648,Zeugma-Link,Rhino,R0,0 days 00:18:33.637000
648,Zeugma-Link,Rhino,R1,0 days 00:02:25.140000
648,Zeugma-Link,Rhino,R2,0 days 00:27:15.705000
648,Zeugma-Link,Rhino,R3,0 days 00:00:09.468000
648,Zeugma-Link,Rhino,R4,0 days 02:10:29.958000
649,Zeugma-X,Rhino,R0,0 days 00:52:29.975000
649,Zeugma-X,Rhino,R1,
649,Zeugma-X,Rhino,R2,0 days 00:25:37.601000
649,Zeugma-X,Rhino,R3,0 days 00:00:08.128000
649,Zeugma-X,Rhino,R4,0 days 00:40:26.951000
65,Zest,Bcel,B0,0 days 00:10:02.991000
65,Zest,Bcel,B1,
650,Zeugma-1PT,Rhino,R0,
650,Zeugma-1PT,Rhino,R1,0 days 00:01:22.564000
650,Zeugma-1PT,Rhino,R2,
650,Zeugma-1PT,Rhino,R3,0 days 00:00:01.320000
650,Zeugma-1PT,Rhino,R4,0 days 00:48:51.330000
651,Zeugma-2PT,Rhino,R0,
651,Zeugma-2PT,Rhino,R1,0 days 00:57:13.579000
651,Zeugma-2PT,Rhino,R2,0 days 02:10:29.018000
651,Zeugma-2PT,Rhino,R3,0 days 00:00:03.136000
651,Zeugma-2PT,Rhino,R4,0 days 01:28:45.992000
66,Zeugma-Link,Bcel,B0,0 days 00:03:36.969000
66,Zeugma-Link,Bcel,B1,
668,BeDiv-Simple,Bcel,B0,0 days 02:25:09.397000
668,BeDiv-Simple,Bcel,B1,
669,BeDiv-Struct,Bcel,B0,0 days 02:01:05.351000
669,BeDiv-Struct,Bcel,B1,
67,Zeugma-X,Bcel,B0,0 days 00:47:27.436000
67,Zeugma-X,Bcel,B1,
670,Zest,Bcel,B0,0 days 00:31:27.147000
670,Zest,Bcel,B1,
671,Zeugma-Link,Bcel,B0,0 days 00:06:21.928000
671,Zeugma-Link,Bcel,B1,
672,Zeugma-X,Bcel,B0,0 days 00:36:54.509000
672,Zeugma-X,Bcel,B1,
673,Zeugma-1PT,Bcel,B0,0 days 00:06:15.490000
673,Zeugma-1PT,Bcel,B1,
674,Zeugma-2PT,Bcel,B0,0 days 00:03:35.800000
674,Zeugma-2PT,Bcel,B1,
675,BeDiv-Simple,Closure,C0,
675,BeDiv-Simple,Closure,C1,0 days 00:18:40.450000
676,BeDiv-Struct,Closure,C0,
676,BeDiv-Struct,Closure,C1,0 days 00:55:33.720000
677,RLCheck,Closure,C0,
677,RLCheck,Closure,C1,0 days 00:09:15.352000
678,Zest,Closure,C0,0 days 01:54:05.026000
678,Zest,Closure,C1,0 days 00:13:32.365000
679,Zeugma-Link,Closure,C0,0 days 02:21:38.184000
679,Zeugma-Link,Closure,C1,0 days 00:02:09.401000
68,Zeugma-1PT,Bcel,B0,0 days 00:16:06.860000
68,Zeugma-1PT,Bcel,B1,
680,Zeugma-X,Closure,C0,
680,Zeugma-X,Closure,C1,0 days 00:01:28.544000
681,Zeugma-1PT,Closure,C0,
681,Zeugma-1PT,Closure,C1,0 days 00:03:37.901000
682,Zeugma-2PT,Closure,C0,
682,Zeugma-2PT,Closure,C1,0 days 00:14:02.168000
69,Zeugma-2PT,Bcel,B0,0 days 00:06:53.014000
69,Zeugma-2PT,Bcel,B1,
691,BeDiv-Simple,Nashorn,N0,
691,BeDiv-Simple,Nashorn,N1,
691,BeDiv-Simple,Nashorn,N2,
692,BeDiv-Struct,Nashorn,N0,
692,BeDiv-Struct,Nashorn,N1,
692,BeDiv-Struct,Nashorn,N2,
693,RLCheck,Nashorn,N0,
693,RLCheck,Nashorn,N1,
693,RLCheck,Nashorn,N2,
694,Zest,Nashorn,N0,
694,Zest,Nashorn,N1,
694,Zest,Nashorn,N2,
695,Zeugma-Link,Nashorn,N0,0 days 00:14:44.429000
695,Zeugma-Link,Nashorn,N1,
695,Zeugma-Link,Nashorn,N2,0 days 01:20:08.300000
696,Zeugma-X,Nashorn,N0,0 days 01:05:29.876000
696,Zeugma-X,Nashorn,N1,
696,Zeugma-X,Nashorn,N2,
697,Zeugma-1PT,Nashorn,N0,
697,Zeugma-1PT,Nashorn,N1,
697,Zeugma-1PT,Nashorn,N2,
698,Zeugma-2PT,Nashorn,N0,
698,Zeugma-2PT,Nashorn,N1,
698,Zeugma-2PT,Nashorn,N2,
699,BeDiv-Simple,Rhino,R0,
699,BeDiv-Simple,Rhino,R1,0 days 01:06:09.272000
699,BeDiv-Simple,Rhino,R2,
699,BeDiv-Simple,Rhino,R3,0 days 00:00:02.240000
699,BeDiv-Simple,Rhino,R4,
70,BeDiv-Simple,Closure,C0,
70,BeDiv-Simple,Closure,C1,0 days 00:16:50.512000
700,BeDiv-Struct,Rhino,R0,
700,BeDiv-Struct,Rhino,R1,
700,BeDiv-Struct,Rhino,R2,
700,BeDiv-Struct,Rhino,R3,0 days 00:00:04.940000
700,BeDiv-Struct,Rhino,R4,
701,RLCheck,Rhino,R0,
701,RLCheck,Rhino,R1,
701,RLCheck,Rhino,R2,
701,RLCheck,Rhino,R3,0 days 00:00:10.316000
701,RLCheck,Rhino,R4,
702,Zest,Rhino,R0,
702,Zest,Rhino,R1,0 days 00:02:04.817000
702,Zest,Rhino,R2,
702,Zest,Rhino,R3,0 days 00:00:01.396000
702,Zest,Rhino,R4,
703,Zeugma-Link,Rhino,R0,0 days 00:55:54.225000
703,Zeugma-Link,Rhino,R1,0 days 01:03:33.919000
703,Zeugma-Link,Rhino,R2,0 days 01:16:27.256000
703,Zeugma-Link,Rhino,R3,0 days 00:00:37.033000
703,Zeugma-Link,Rhino,R4,0 days 02:32:51.577000
704,Zeugma-X,Rhino,R0,
704,Zeugma-X,Rhino,R1,
704,Zeugma-X,Rhino,R2,0 days 00:44:32.668000
704,Zeugma-X,Rhino,R3,0 days 00:00:15.624000
704,Zeugma-X,Rhino,R4,0 days 02:11:24.132000
705,Zeugma-1PT,Rhino,R0,
705,Zeugma-1PT,Rhino,R1,0 days 00:38:49.030000
705,Zeugma-1PT,Rhino,R2,0 days 01:42:43.454000
705,Zeugma-1PT,Rhino,R3,0 days 00:00:19.332000
705,Zeugma-1PT,Rhino,R4,0 days 00:48:09.102000
706,Zeugma-2PT,Rhino,R0,0 days 00:50:15.125000
706,Zeugma-2PT,Rhino,R1,0 days 01:29:50.602000
706,Zeugma-2PT,Rhino,R2,0 days 00:43:30.086000
706,Zeugma-2PT,Rhino,R3,0 days 00:00:00.956000
706,Zeugma-2PT,Rhino,R4,0 days 02:09:54.035000
71,BeDiv-Struct,Closure,C0,
71,BeDiv-Struct,Closure,C1,0 days 00:10:47.964000
72,RLCheck,Closure,C0,0 days 02:02:13.476000
72,RLCheck,Closure,C1,0 days 00:10:28.428000
723,BeDiv-Simple,Bcel,B0,0 days 01:13:58.211000
723,BeDiv-Simple,Bcel,B1,
724,BeDiv-Struct,Bcel,B0,0 days 00:40:21.777000
724,BeDiv-Struct,Bcel,B1,
725,Zest,Bcel,B0,0 days 00:10:53.100000
725,Zest,Bcel,B1,
726,Zeugma-Link,Bcel,B0,0 days 00:09:11.563000
726,Zeugma-Link,Bcel,B1,
727,Zeugma-X,Bcel,B0,0 days 00:16:37.449000
727,Zeugma-X,Bcel,B1,
728,Zeugma-1PT,Bcel,B0,0 days 00:06:26.783000
728,Zeugma-1PT,Bcel,B1,
729,Zeugma-2PT,Bcel,B0,0 days 00:39:53.131000
729,Zeugma-2PT,Bcel,B1,
73,Zest,Closure,C0,
73,Zest,Closure,C1,0 days 00:22:17.388000
730,BeDiv-Simple,Closure,C0,
730,BeDiv-Simple,Closure,C1,0 days 01:49:01.572000
731,BeDiv-Struct,Closure,C0,
731,BeDiv-Struct,Closure,C1,0 days 00:55:27.038000
732,RLCheck,Closure,C0,0 days 01:37:20.709000
732,RLCheck,Closure,C1,0 days 00:08:18.880000
733,Zest,Closure,C0,
733,Zest,Closure,C1,0 days 01:19:04.021000
734,Zeugma-Link,Closure,C0,
734,Zeugma-Link,Closure,C1,0 days 00:04:32.720000
735,Zeugma-X,Closure,C0,0 days 02:40:38.178000
735,Zeugma-X,Closure,C1,0 days 00:00:58.476000
736,Zeugma-1PT,Closure,C0,
736,Zeugma-1PT,Closure,C1,0 days 00:01:38.308000
737,Zeugma-2PT,Closure,C0,0 days 02:53:38.374000
737,Zeugma-2PT,Closure,C1,0 days 00:03:01.060000
74,Zeugma-Link,Closure,C0,0 days 01:50:42.952000
74,Zeugma-Link,Closure,C1,0 days 00:14:33.273000
746,BeDiv-Simple,Nashorn,N0,
746,BeDiv-Simple,Nashorn,N1,
746,BeDiv-Simple,Nashorn,N2,
747,BeDiv-Struct,Nashorn,N0,
747,BeDiv-Struct,Nashorn,N1,
747,BeDiv-Struct,Nashorn,N2,
748,RLCheck,Nashorn,N0,
748,RLCheck,Nashorn,N1,
748,RLCheck,Nashorn,N2,
749,Zest,Nashorn,N0,
749,Zest,Nashorn,N1,
749,Zest,Nashorn,N2,
75,Zeugma-X,Closure,C0,
75,Zeugma-X,Closure,C1,0 days 00:10:08.491000
750,Zeugma-Link,Nashorn,N0,0 days 00:18:40.259000
750,Zeugma-Link,Nashorn,N1,
750,Zeugma-Link,Nashorn,N2,
751,Zeugma-X,Nashorn,N0,0 days 01:58:53.551000
751,Zeugma-X,Nashorn,N1,
751,Zeugma-X,Nashorn,N2,
752,Zeugma-1PT,Nashorn,N0,
752,Zeugma-1PT,Nashorn,N1,
752,Zeugma-1PT,Nashorn,N2,
753,Zeugma-2PT,Nashorn,N0,0 days 01:48:52.241000
753,Zeugma-2PT,Nashorn,N1,
753,Zeugma-2PT,Nashorn,N2,
754,BeDiv-Simple,Rhino,R0,
754,BeDiv-Simple,Rhino,R1,
754,BeDiv-Simple,Rhino,R2,
754,BeDiv-Simple,Rhino,R3,0 days 00:00:07.688000
754,BeDiv-Simple,Rhino,R4,
755,BeDiv-Struct,Rhino,R0,
755,BeDiv-Struct,Rhino,R1,0 days 01:04:43.919000
755,BeDiv-Struct,Rhino,R2,
755,BeDiv-Struct,Rhino,R3,0 days 00:00:04.508000
755,BeDiv-Struct,Rhino,R4,
756,RLCheck,Rhino,R0,
756,RLCheck,Rhino,R1,
756,RLCheck,Rhino,R2,
756,RLCheck,Rhino,R3,0 days 00:00:09.440000
756,RLCheck,Rhino,R4,
757,Zest,Rhino,R0,
757,Zest,Rhino,R1,0 days 00:13:06.217000
757,Zest,Rhino,R2,
757,Zest,Rhino,R3,0 days 00:00:05.096000
757,Zest,Rhino,R4,
758,Zeugma-Link,Rhino,R0,0 days 00:45:32.486000
758,Zeugma-Link,Rhino,R1,0 days 00:31:24.405000
758,Zeugma-Link,Rhino,R2,0 days 00:34:11.181000
758,Zeugma-Link,Rhino,R3,0 days 00:00:06.696000
758,Zeugma-Link,Rhino,R4,0 days 00:31:16.441000
759,Zeugma-X,Rhino,R0,0 days 00:58:05.925000
759,Zeugma-X,Rhino,R1,0 days 00:39:47.234000
759,Zeugma-X,Rhino,R2,0 days 00:13:13.348000
759,Zeugma-X,Rhino,R3,0 days 00:00:21.044000
759,Zeugma-X,Rhino,R4,0 days 02:37:51.893000
76,Zeugma-1PT,Closure,C0,
76,Zeugma-1PT,Closure,C1,0 days 00:00:28.572000
760,Zeugma-1PT,Rhino,R0,0 days 02:35:07.567000
760,Zeugma-1PT,Rhino,R1,0 days 00:22:05.727000
760,Zeugma-1PT,Rhino,R2,0 days 01:43:36.150000
760,Zeugma-1PT,Rhino,R3,0 days 00:00:12.048000
760,Zeugma-1PT,Rhino,R4,0 days 00:48:33.164000
761,Zeugma-2PT,Rhino,R0,0 days 01:03:36.687000
761,Zeugma-2PT,Rhino,R1,0 days 00:33:10.040000
761,Zeugma-2PT,Rhino,R2,0 days 02:24:50.137000
761,Zeugma-2PT,Rhino,R3,0 days 00:00:09.992000
761,Zeugma-2PT,Rhino,R4,0 days 01:14:02.847000
77,Zeugma-2PT,Closure,C0,
77,Zeugma-2PT,Closure,C1,0 days 00:02:46.580000
778,BeDiv-Simple,Bcel,B0,0 days 00:28:40.938000
778,BeDiv-Simple,Bcel,B1,
779,BeDiv-Struct,Bcel,B0,0 days 02:06:29.192000
779,BeDiv-Struct,Bcel,B1,
780,Zest,Bcel,B0,0 days 00:56:25.753000
780,Zest,Bcel,B1,
781,Zeugma-Link,Bcel,B0,0 days 00:02:03.225000
781,Zeugma-Link,Bcel,B1,
782,Zeugma-X,Bcel,B0,0 days 00:23:38.097000
782,Zeugma-X,Bcel,B1,
783,Zeugma-1PT,Bcel,B0,0 days 00:39:52.103000
783,Zeugma-1PT,Bcel,B1,
784,Zeugma-2PT,Bcel,B0,0 days 00:09:43.103000
784,Zeugma-2PT,Bcel,B1,
785,BeDiv-Simple,Closure,C0,
785,BeDiv-Simple,Closure,C1,0 days 00:11:11.293000
786,BeDiv-Struct,Closure,C0,
786,BeDiv-Struct,Closure,C1,0 days 00:33:57.510000
787,RLCheck,Closure,C0,
787,RLCheck,Closure,C1,0 days 00:10:02.431000
788,Zest,Closure,C0,
788,Zest,Closure,C1,0 days 00:37:52.842000
789,Zeugma-Link,Closure,C0,
789,Zeugma-Link,Closure,C1,0 days 00:04:17.558000
790,Zeugma-X,Closure,C0,
790,Zeugma-X,Closure,C1,0 days 00:02:32.920000
791,Zeugma-1PT,Closure,C0,0 days 01:36:52.896000
791,Zeugma-1PT,Closure,C1,0 days 00:14:55.185000
792,Zeugma-2PT,Closure,C0,
792,Zeugma-2PT,Closure,C1,0 days 00:08:36.523000
8,BeDiv-Simple,Bcel,B0,
8,BeDiv-Simple,Bcel,B1,
801,BeDiv-Simple,Nashorn,N0,
801,BeDiv-Simple,Nashorn,N1,
801,BeDiv-Simple,Nashorn,N2,
802,BeDiv-Struct,Nashorn,N0,
802,BeDiv-Struct,Nashorn,N1,
802,BeDiv-Struct,Nashorn,N2,
803,RLCheck,Nashorn,N0,
803,RLCheck,Nashorn,N1,
803,RLCheck,Nashorn,N2,
804,Zest,Nashorn,N0,
804,Zest,Nashorn,N1,
804,Zest,Nashorn,N2,
805,Zeugma-Link,Nashorn,N0,0 days 00:06:18.635000
805,Zeugma-Link,Nashorn,N1,
805,Zeugma-Link,Nashorn,N2,0 days 00:42:12.930000
806,Zeugma-X,Nashorn,N0,0 days 01:07:55.438000
806,Zeugma-X,Nashorn,N1,
806,Zeugma-X,Nashorn,N2,
807,Zeugma-1PT,Nashorn,N0,0 days 01:01:11.041000
807,Zeugma-1PT,Nashorn,N1,
807,Zeugma-1PT,Nashorn,N2,
808,Zeugma-2PT,Nashorn,N0,
808,Zeugma-2PT,Nashorn,N1,
808,Zeugma-2PT,Nashorn,N2,
809,BeDiv-Simple,Rhino,R0,
809,BeDiv-Simple,Rhino,R1,0 days 01:21:56.940000
809,BeDiv-Simple,Rhino,R2,
809,BeDiv-Simple,Rhino,R3,0 days 00:00:04.496000
809,BeDiv-Simple,Rhino,R4,
810,BeDiv-Struct,Rhino,R0,
810,BeDiv-Struct,Rhino,R1,0 days 00:32:06.882000
810,BeDiv-Struct,Rhino,R2,
810,BeDiv-Struct,Rhino,R3,0 days 00:00:17.184000
810,BeDiv-Struct,Rhino,R4,
811,RLCheck,Rhino,R0,
811,RLCheck,Rhino,R1,
811,RLCheck,Rhino,R2,
811,RLCheck,Rhino,R3,0 days 00:00:08.788000
811,RLCheck,Rhino,R4,
812,Zest,Rhino,R0,
812,Zest,Rhino,R1,0 days 01:15:53.407000
812,Zest,Rhino,R2,
812,Zest,Rhino,R3,0 days 00:00:02.820000
812,Zest,Rhino,R4,
813,Zeugma-Link,Rhino,R0,0 days 01:08:11.717000
813,Zeugma-Link,Rhino,R1,0 days 00:10:09.860000
813,Zeugma-Link,Rhino,R2,0 days 01:01:27.051000
813,Zeugma-Link,Rhino,R3,0 days 00:00:03.788000
813,Zeugma-Link,Rhino,R4,0 days 01:40:11.809000
814,Zeugma-X,Rhino,R0,0 days 01:50:55.429000
814,Zeugma-X,Rhino,R1,0 days 02:18:04.935000
814,Zeugma-X,Rhino,R2,0 days 00:18:12.271000
814,Zeugma-X,Rhino,R3,0 days 00:00:03.800000
814,Zeugma-X,Rhino,R4,0 days 00:37:39.810000
815,Zeugma-1PT,Rhino,R0,0 days 01:09:43.242000
815,Zeugma-1PT,Rhino,R1,0 days 02:32:17.017000
815,Zeugma-1PT,Rhino,R2,0 days 02:13:41.922000
815,Zeugma-1PT,Rhino,R3,0 days 00:00:06.245000
815,Zeugma-1PT,Rhino,R4,0 days 02:07:52.400000
816,Zeugma-2PT,Rhino,R0,0 days 00:21:34.853000
816,Zeugma-2PT,Rhino,R1,
816,Zeugma-2PT,Rhino,R2,0 days 00:30:24.817000
816,Zeugma-2PT,Rhino,R3,0 days 00:00:01.696000
816,Zeugma-2PT,Rhino,R4,0 days 02:22:48.943000
833,BeDiv-Simple,Bcel,B0,0 days 01:46:18.754000
833,BeDiv-Simple,Bcel,B1,
834,BeDiv-Struct,Bcel,B0,0 days 02:08:41.239000
834,BeDiv-Struct,Bcel,B1,
835,Zest,Bcel,B0,0 days 01:42:46.052000
835,Zest,Bcel,B1,
836,Zeugma-Link,Bcel,B0,0 days 00:08:52.332000
836,Zeugma-Link,Bcel,B1,
837,Zeugma-X,Bcel,B0,0 days 00:17:53.320000
837,Zeugma-X,Bcel,B1,
838,Zeugma-1PT,Bcel,B0,0 days 00:27:41.590000
838,Zeugma-1PT,Bcel,B1,
839,Zeugma-2PT,Bcel,B0,0 days 00:41:12.166000
839,Zeugma-2PT,Bcel,B1,
840,BeDiv-Simple,Closure,C0,
840,BeDiv-Simple,Closure,C1,0 days 00:00:45.481000
841,BeDiv-Struct,Closure,C0,
841,BeDiv-Struct,Closure,C1,0 days 00:18:06.813000
842,RLCheck,Closure,C0,
842,RLCheck,Closure,C1,0 days 00:08:40.989000
843,Zest,Closure,C0,0 days 01:57:24.203000
843,Zest,Closure,C1,0 days 00:39:00.287000
844,Zeugma-Link,Closure,C0,0 days 01:54:57.567000
844,Zeugma-Link,Closure,C1,0 days 00:06:02.250000
845,Zeugma-X,Closure,C0,0 days 01:11:37.840000
845,Zeugma-X,Closure,C1,0 days 00:01:45.897000
846,Zeugma-1PT,Closure,C0,0 days 00:46:27.834000
846,Zeugma-1PT,Closure,C1,0 days 00:06:12.728000
847,Zeugma-2PT,Closure,C0,
847,Zeugma-2PT,Closure,C1,0 days 00:00:52.184000
856,BeDiv-Simple,Nashorn,N0,
856,BeDiv-Simple,Nashorn,N1,
856,BeDiv-Simple,Nashorn,N2,
857,BeDiv-Struct,Nashorn,N0,
857,BeDiv-Struct,Nashorn,N1,
857,BeDiv-Struct,Nashorn,N2,
858,RLCheck,Nashorn,N0,
858,RLCheck,Nashorn,N1,
858,RLCheck,Nashorn,N2,
859,Zest,Nashorn,N0,
859,Zest,Nashorn,N1,
859,Zest,Nashorn,N2,
86,BeDiv-Simple,Nashorn,N0,
86,BeDiv-Simple,Nashorn,N1,
86,BeDiv-Simple,Nashorn,N2,
860,Zeugma-Link,Nashorn,N0,0 days 00:23:51.477000
860,Zeugma-Link,Nashorn,N1,
860,Zeugma-Link,Nashorn,N2,0 days 02:23:15.279000
861,Zeugma-X,Nashorn,N0,0 days 01:31:26.410000
861,Zeugma-X,Nashorn,N1,
861,Zeugma-X,Nashorn,N2,
862,Zeugma-1PT,Nashorn,N0,
862,Zeugma-1PT,Nashorn,N1,
862,Zeugma-1PT,Nashorn,N2,
863,Zeugma-2PT,Nashorn,N0,0 days 01:11:30.812000
863,Zeugma-2PT,Nashorn,N1,
863,Zeugma-2PT,Nashorn,N2,
864,BeDiv-Simple,Rhino,R0,
864,BeDiv-Simple,Rhino,R1,
864,BeDiv-Simple,Rhino,R2,
864,BeDiv-Simple,Rhino,R3,0 days 00:00:06.360000
864,BeDiv-Simple,Rhino,R4,
865,BeDiv-Struct,Rhino,R0,
865,BeDiv-Struct,Rhino,R1,0 days 02:24:26.106000
865,BeDiv-Struct,Rhino,R2,
865,BeDiv-Struct,Rhino,R3,0 days 00:00:37.644000
865,BeDiv-Struct,Rhino,R4,
866,RLCheck,Rhino,R0,
866,RLCheck,Rhino,R1,
866,RLCheck,Rhino,R2,
866,RLCheck,Rhino,R3,0 days 00:00:08.748000
866,RLCheck,Rhino,R4,
867,Zest,Rhino,R0,
867,Zest,Rhino,R1,0 days 02:17:48.910000
867,Zest,Rhino,R2,
867,Zest,Rhino,R3,0 days 00:00:04.044000
867,Zest,Rhino,R4,
868,Zeugma-Link,Rhino,R0,0 days 00:23:03.249000
868,Zeugma-Link,Rhino,R1,0 days 00:15:04.038000
868,Zeugma-Link,Rhino,R2,0 days 00:36:22.053000
868,Zeugma-Link,Rhino,R3,0 days 00:00:07.904000
868,Zeugma-Link,Rhino,R4,0 days 01:00:29.050000
869,Zeugma-X,Rhino,R0,0 days 00:34:02.312000
869,Zeugma-X,Rhino,R1,0 days 00:34:49.841000
869,Zeugma-X,Rhino,R2,0 days 00:56:01.493000
869,Zeugma-X,Rhino,R3,0 days 00:00:05.352000
869,Zeugma-X,Rhino,R4,0 days 01:56:05.855000
87,BeDiv-Struct,Nashorn,N0,
87,BeDiv-Struct,Nashorn,N1,
87,BeDiv-Struct,Nashorn,N2,
870,Zeugma-1PT,Rhino,R0,0 days 00:57:23.442000
870,Zeugma-1PT,Rhino,R1,0 days 00:46:25.186000
870,Zeugma-1PT,Rhino,R2,0 days 01:14:05.873000
870,Zeugma-1PT,Rhino,R3,0 days 00:00:03.672000
870,Zeugma-1PT,Rhino,R4,0 days 00:35:26.674000
871,Zeugma-2PT,Rhino,R0,
871,Zeugma-2PT,Rhino,R1,0 days 01:14:43.751000
871,Zeugma-2PT,Rhino,R2,
871,Zeugma-2PT,Rhino,R3,0 days 00:00:03.736000
871,Zeugma-2PT,Rhino,R4,0 days 02:04:50.518000
88,RLCheck,Nashorn,N0,
88,RLCheck,Nashorn,N1,
88,RLCheck,Nashorn,N2,
888,BeDiv-Simple,Bcel,B0,0 days 00:11:38.401000
888,BeDiv-Simple,Bcel,B1,
889,BeDiv-Struct,Bcel,B0,0 days 00:06:50.615000
889,BeDiv-Struct,Bcel,B1,
89,Zest,Nashorn,N0,
89,Zest,Nashorn,N1,
89,Zest,Nashorn,N2,
890,Zest,Bcel,B0,0 days 01:23:19.796000
890,Zest,Bcel,B1,
891,Zeugma-Link,Bcel,B0,0 days 00:03:40.688000
891,Zeugma-Link,Bcel,B1,
892,Zeugma-X,Bcel,B0,0 days 00:25:57.253000
892,Zeugma-X,Bcel,B1,
893,Zeugma-1PT,Bcel,B0,0 days 00:07:15.619000
893,Zeugma-1PT,Bcel,B1,
894,Zeugma-2PT,Bcel,B0,0 days 00:32:51.053000
894,Zeugma-2PT,Bcel,B1,
895,BeDiv-Simple,Closure,C0,
895,BeDiv-Simple,Closure,C1,0 days 00:06:28.408000
896,BeDiv-Struct,Closure,C0,
896,BeDiv-Struct,Closure,C1,0 days 00:40:27.538000
897,RLCheck,Closure,C0,
897,RLCheck,Closure,C1,0 days 00:03:28.912000
898,Zest,Closure,C0,0 days 00:41:55.519000
898,Zest,Closure,C1,0 days 00:27:27.267000
899,Zeugma-Link,Closure,C0,0 days 02:10:08.232000
899,Zeugma-Link,Closure,C1,0 days 00:03:16.463000
9,BeDiv-Struct,Bcel,B0,
9,BeDiv-Struct,Bcel,B1,
90,Zeugma-Link,Nashorn,N0,0 days 00:51:35.513000
90,Zeugma-Link,Nashorn,N1,
90,Zeugma-Link,Nashorn,N2,
900,Zeugma-X,Closure,C0,
900,Zeugma-X,Closure,C1,0 days 00:00:10.028000
901,Zeugma-1PT,Closure,C0,
901,Zeugma-1PT,Closure,C1,0 days 00:06:16.466000
902,Zeugma-2PT,Closure,C0,
902,Zeugma-2PT,Closure,C1,0 days 00:04:53.582000
91,Zeugma-X,Nashorn,N0,0 days 00:32:58.631000
91,Zeugma-X,Nashorn,N1,
91,Zeugma-X,Nashorn,N2,
911,BeDiv-Simple,Nashorn,N0,
911,BeDiv-Simple,Nashorn,N1,
911,BeDiv-Simple,Nashorn,N2,
912,BeDiv-Struct,Nashorn,N0,
912,BeDiv-Struct,Nashorn,N1,
912,BeDiv-Struct,Nashorn,N2,
913,RLCheck,Nashorn,N0,
913,RLCheck,Nashorn,N1,
913,RLCheck,Nashorn,N2,
914,Zest,Nashorn,N0,
914,Zest,Nashorn,N1,
914,Zest,Nashorn,N2,
915,Zeugma-Link,Nashorn,N0,0 days 00:23:04.715000
915,Zeugma-Link,Nashorn,N1,
915,Zeugma-Link,Nashorn,N2,0 days 02:11:16.715000
916,Zeugma-X,Nashorn,N0,0 days 02:28:20.317000
916,Zeugma-X,Nashorn,N1,
916,Zeugma-X,Nashorn,N2,
917,Zeugma-1PT,Nashorn,N0,
917,Zeugma-1PT,Nashorn,N1,
917,Zeugma-1PT,Nashorn,N2,
918,Zeugma-2PT,Nashorn,N0,
918,Zeugma-2PT,Nashorn,N1,
918,Zeugma-2PT,Nashorn,N2,
919,BeDiv-Simple,Rhino,R0,
919,BeDiv-Simple,Rhino,R1,0 days 02:28:05.922000
919,BeDiv-Simple,Rhino,R2,
919,BeDiv-Simple,Rhino,R3,0 days 00:00:02.492000
919,BeDiv-Simple,Rhino,R4,
92,Zeugma-1PT,Nashorn,N0,0 days 02:02:27.264000
92,Zeugma-1PT,Nashorn,N1,
92,Zeugma-1PT,Nashorn,N2,
920,BeDiv-Struct,Rhino,R0,
920,BeDiv-Struct,Rhino,R1,0 days 00:09:08.748000
920,BeDiv-Struct,Rhino,R2,
920,BeDiv-Struct,Rhino,R3,0 days 00:00:02.684000
920,BeDiv-Struct,Rhino,R4,
921,RLCheck,Rhino,R0,
921,RLCheck,Rhino,R1,
921,RLCheck,Rhino,R2,
921,RLCheck,Rhino,R3,0 days 00:00:08.528000
921,RLCheck,Rhino,R4,
922,Zest,Rhino,R0,
922,Zest,Rhino,R1,0 days 01:54:49.597000
922,Zest,Rhino,R2,
922,Zest,Rhino,R3,0 days 00:00:00.268000
922,Zest,Rhino,R4,
923,Zeugma-Link,Rhino,R0,0 days 00:48:05.126000
923,Zeugma-Link,Rhino,R1,0 days 00:50:59.314000
923,Zeugma-Link,Rhino,R2,0 days 00:58:07.198000
923,Zeugma-Link,Rhino,R3,0 days 00:00:02.668000
923,Zeugma-Link,Rhino,R4,0 days 01:29:59.952000
924,Zeugma-X,Rhino,R0,
924,Zeugma-X,Rhino,R1,0 days 00:14:07.429000
924,Zeugma-X,Rhino,R2,0 days 00:19:06.437000
924,Zeugma-X,Rhino,R3,0 days 00:00:06.064000
924,Zeugma-X,Rhino,R4,0 days 02:00:38.765000
925,Zeugma-1PT,Rhino,R0,0 days 02:43:51.247000
925,Zeugma-1PT,Rhino,R1,0 days 00:09:28.580000
925,Zeugma-1PT,Rhino,R2,0 days 00:22:01.389000
925,Zeugma-1PT,Rhino,R3,0 days 00:00:05.084000
925,Zeugma-1PT,Rhino,R4,0 days 02:57:40.152000
926,Zeugma-2PT,Rhino,R0,
926,Zeugma-2PT,Rhino,R1,0 days 00:24:31.922000
926,Zeugma-2PT,Rhino,R2,
926,Zeugma-2PT,Rhino,R3,0 days 00:00:04.400000
926,Zeugma-2PT,Rhino,R4,0 days 02:48:09.378000
93,Zeugma-2PT,Nashorn,N0,
93,Zeugma-2PT,Nashorn,N1,
93,Zeugma-2PT,Nashorn,N2,
94,BeDiv-Simple,Rhino,R0,
94,BeDiv-Simple,Rhino,R1,
94,BeDiv-Simple,Rhino,R2,
94,BeDiv-Simple,Rhino,R3,0 days 00:00:02.076000
94,BeDiv-Simple,Rhino,R4,
943,BeDiv-Simple,Bcel,B0,0 days 02:14:54.448000
943,BeDiv-Simple,Bcel,B1,
944,BeDiv-Struct,Bcel,B0,0 days 00:50:20.424000
944,BeDiv-Struct,Bcel,B1,
945,Zest,Bcel,B0,0 days 00:37:30.082000
945,Zest,Bcel,B1,
946,Zeugma-Link,Bcel,B0,0 days 00:29:58.335000
946,Zeugma-Link,Bcel,B1,
947,Zeugma-X,Bcel,B0,0 days 00:16:55.786000
947,Zeugma-X,Bcel,B1,
948,Zeugma-1PT,Bcel,B0,0 days 00:10:48.408000
948,Zeugma-1PT,Bcel,B1,0 days 02:56:01.409000
949,Zeugma-2PT,Bcel,B0,0 days 00:37:11.552000
949,Zeugma-2PT,Bcel,B1,
95,BeDiv-Struct,Rhino,R0,
95,BeDiv-Struct,Rhino,R1,0 days 00:01:18.217000
95,BeDiv-Struct,Rhino,R2,
95,BeDiv-Struct,Rhino,R3,0 days 00:00:10.744000
95,BeDiv-Struct,Rhino,R4,
950,BeDiv-Simple,Closure,C0,
950,BeDiv-Simple,Closure,C1,0 days 00:02:18.473000
951,BeDiv-Struct,Closure,C0,
951,BeDiv-Struct,Closure,C1,0 days 00:07:13.850000
952,RLCheck,Closure,C0,
952,RLCheck,Closure,C1,0 days 00:10:19.387000
953,Zest,Closure,C0,0 days 02:31:00.676000
953,Zest,Closure,C1,0 days 00:34:23.325000
954,Zeugma-Link,Closure,C0,0 days 01:05:13.915000
954,Zeugma-Link,Closure,C1,0 days 00:11:30.757000
955,Zeugma-X,Closure,C0,0 days 01:23:36.864000
955,Zeugma-X,Closure,C1,0 days 00:04:56.244000
956,Zeugma-1PT,Closure,C0,0 days 02:11:36.495000
956,Zeugma-1PT,Closure,C1,0 days 00:05:17.590000
957,Zeugma-2PT,Closure,C0,0 days 01:39:53.280000
957,Zeugma-2PT,Closure,C1,0 days 00:00:23.160000
96,RLCheck,Rhino,R0,
96,RLCheck,Rhino,R1,
96,RLCheck,Rhino,R2,
96,RLCheck,Rhino,R3,0 days 00:00:10.792000
96,RLCheck,Rhino,R4,
966,BeDiv-Simple,Nashorn,N0,
966,BeDiv-Simple,Nashorn,N1,
966,BeDiv-Simple,Nashorn,N2,
967,BeDiv-Struct,Nashorn,N0,
967,BeDiv-Struct,Nashorn,N1,
967,BeDiv-Struct,Nashorn,N2,
968,RLCheck,Nashorn,N0,
968,RLCheck,Nashorn,N1,
968,RLCheck,Nashorn,N2,
969,Zest,Nashorn,N0,
969,Zest,Nashorn,N1,
969,Zest,Nashorn,N2,
97,Zest,Rhino,R0,
97,Zest,Rhino,R1,0 days 00:06:44.734000
97,Zest,Rhino,R2,0 days 01:03:31.507000
97,Zest,Rhino,R3,0 days 00:00:02.356000
97,Zest,Rhino,R4,
970,Zeugma-Link,Nashorn,N0,0 days 00:17:47.345000
970,Zeugma-Link,Nashorn,N1,
970,Zeugma-Link,Nashorn,N2,
971,Zeugma-X,Nashorn,N0,
971,Zeugma-X,Nashorn,N1,
971,Zeugma-X,Nashorn,N2,
972,Zeugma-1PT,Nashorn,N0,
972,Zeugma-1PT,Nashorn,N1,
972,Zeugma-1PT,Nashorn,N2,
973,Zeugma-2PT,Nashorn,N0,
973,Zeugma-2PT,Nashorn,N1,
973,Zeugma-2PT,Nashorn,N2,
974,BeDiv-Simple,Rhino,R0,
974,BeDiv-Simple,Rhino,R1,
974,BeDiv-Simple,Rhino,R2,
974,BeDiv-Simple,Rhino,R3,0 days 00:00:11.352000
974,BeDiv-Simple,Rhino,R4,
975,BeDiv-Struct,Rhino,R0,
975,BeDiv-Struct,Rhino,R1,0 days 02:41:41.725000
975,BeDiv-Struct,Rhino,R2,
975,BeDiv-Struct,Rhino,R3,0 days 00:00:06.224000
975,BeDiv-Struct,Rhino,R4,
976,RLCheck,Rhino,R0,
976,RLCheck,Rhino,R1,
976,RLCheck,Rhino,R2,
976,RLCheck,Rhino,R3,0 days 00:00:09.076000
976,RLCheck,Rhino,R4,
977,Zest,Rhino,R0,
977,Zest,Rhino,R1,0 days 00:15:02.493000
977,Zest,Rhino,R2,
977,Zest,Rhino,R3,0 days 00:00:01.060000
977,Zest,Rhino,R4,
978,Zeugma-Link,Rhino,R0,0 days 01:24:01.361000
978,Zeugma-Link,Rhino,R1,0 days 00:05:29.830000
978,Zeugma-Link,Rhino,R2,0 days 00:54:37.777000
978,Zeugma-Link,Rhino,R3,0 days 00:00:06.584000
978,Zeugma-Link,Rhino,R4,0 days 02:18:40.302000
979,Zeugma-X,Rhino,R0,0 days 00:35:18.529000
979,Zeugma-X,Rhino,R1,0 days 01:02:34.543000
979,Zeugma-X,Rhino,R2,0 days 00:16:05.933000
979,Zeugma-X,Rhino,R3,0 days 00:00:05.212000
979,Zeugma-X,Rhino,R4,
98,Zeugma-Link,Rhino,R0,0 days 02:53:16.078000
98,Zeugma-Link,Rhino,R1,0 days 02:27:35.878000
98,Zeugma-Link,Rhino,R2,0 days 00:33:06.947000
98,Zeugma-Link,Rhino,R3,0 days 00:00:06.976000
98,Zeugma-Link,Rhino,R4,0 days 00:22:09.595000
980,Zeugma-1PT,Rhino,R0,
980,Zeugma-1PT,Rhino,R1,0 days 00:39:05.859000
980,Zeugma-1PT,Rhino,R2,0 days 00:32:43.163000
980,Zeugma-1PT,Rhino,R3,0 days 00:00:07.504000
980,Zeugma-1PT,Rhino,R4,0 days 02:19:46.527000
981,Zeugma-2PT,Rhino,R0,
981,Zeugma-2PT,Rhino,R1,
981,Zeugma-2PT,Rhino,R2,
981,Zeugma-2PT,Rhino,R3,0 days 00:00:04.284000
981,Zeugma-2PT,Rhino,R4,0 days 00:36:39.546000
99,Zeugma-X,Rhino,R0,0 days 01:04:19.359000
99,Zeugma-X,Rhino,R1,0 days 01:34:13.054000
99,Zeugma-X,Rhino,R2,0 days 00:54:07.395000
99,Zeugma-X,Rhino,R3,0 days 00:00:21.800000
99,Zeugma-X,Rhino,R4,0 days 01:48:52.556000
998,BeDiv-Simple,Bcel,B0,
998,BeDiv-Simple,Bcel,B1,
999,BeDiv-Struct,Bcel,B0,
999,BeDiv-Struct,Bcel,B1,
